상호명,지점명,시도명,시군구명,도로명주소
이디야커피,원주반곡동점,강원도,원주시,강원도 원주시 오리현길 16-9
이디야커피,춘천제일점,강원도,춘천시,강원도 춘천시 춘주로 89
이디야커피,흥업점,강원도,원주시,강원도 원주시 흥업면 남원로 85
이디야커피,속초동명항점,강원도,속초시,강원도 속초시 동명항길 49
이디야커피,정동진역점,강원도,강릉시,강원도 강릉시 강동면 정동역길 17
이디야커피,강릉입암남부점,강원도,강릉시,강원도 강릉시 성덕포남로 74
이디야커피,강릉터미널점,강원도,강릉시,강원도 강릉시 하슬라로 24
이디야커피,주문진점,강원도,강릉시,강원도 강릉시 주문진읍 항구로 50
이디야커피,대관령점,강원도,평창군,강원도 평창군 대관령면 눈마을길 11
이디야에스프레소,,강원도,춘천시,강원도 춘천시 시청길10번길 4-1
이디야커피,강원정선점,강원도,정선군,강원도 정선군 정선읍 비봉로 55
이디야커피,춘천삭주로점,강원도,춘천시,강원도 춘천시 삭주로 197-1
이디야커피,동송터미널점,강원도,철원군,강원도 철원군 동송읍 이평1로 1
이디야커피,강원화천점,강원도,화천군,강원도 화천군 화천읍 상승로 42-7
이디야커피,무실점,강원도,원주시,강원도 원주시 시청로 70
이디야커피,세인트존스경포호텔점,강원도,강릉시,강원도 강릉시 창해로 307
이디야커피강릉올림픽선수촌점,강릉올림픽선수촌점,강원도,강릉시,강원도 강릉시 선수촌로 79-15
이디야커피,연봉점,강원도,홍천군,강원도 홍천군 홍천읍 연봉로 32
이디야커피,속초중앙점,강원도,속초시,강원도 속초시 수복로 197-1
이디야커피,중앙점,강원도,원주시,강원도 원주시 무실로12번길 33
이디야커피,강원양구점,강원도,양구군,강원도 양구군 양구읍 중앙길 10
이디야커피,삼척중앙점,강원도,삼척시,강원도 삼척시 대학로 30-1
이디야커피인제점인제점,인제점,강원도,인제군,강원도 인제군 인제읍 인제로 200-1
이디야커피,문막극동점,강원도,원주시,강원도 원주시 문막읍 건등로 56-1
양양이디야,,강원도,양양군,강원도 양양군 양양읍 양양로 72
이디야커피,우두동점,강원도,춘천시,강원도 춘천시 충열로 39
이디야커피,동해천곡점,강원도,동해시,강원도 동해시 한섬로 112
이디야커피,거두점,강원도,춘천시,강원도 춘천시 동내면 춘천순환로 134
이디야커피,원주터미널점,강원도,원주시,강원도 원주시 서원대로 168
이디야커피,춘천학곡점,강원도,춘천시,강원도 춘천시 동내면 영서로 1783
이디야커피,원주봉화산점,강원도,원주시,강원도 원주시 바우골길 8
이디야커피,속초로데오점,강원도,속초시,강원도 속초시 중앙로 127
이디야커피,만천점,강원도,춘천시,강원도 춘천시 동면 춘천순환로 328
이디야커피,속초해수욕장점,강원도,속초시,강원도 속초시 해오름로 137
이디야커피,강원양양점,강원도,양양군,강원도 양양군 양양읍 양양로 72
이디야커피,강원영월점,강원도,영월군,강원도 영월군 영월읍 중앙로 40-5
이디야커피,철원와수점,강원도,철원군,강원도 철원군 서면 와수로181번길 25-21
이디야커피,강릉교동점,강원도,강릉시,강원도 강릉시 솔올로 39
이디야커피,한숲시티점,강원도,춘천시,강원도 춘천시 안마산로 133
이디야커피,원주태장점,강원도,원주시,강원도 원주시 흥양로51번길 11
이디야커피,삼척해변점,강원도,삼척시,강원도 삼척시 새천년도로 513
이디야커피,속초교동점,강원도,속초시,강원도 속초시 중앙로 44
이디야커피,엑스포점,강원도,속초시,강원도 속초시 엑스포로 45
이디야커피,원주법원점,강원도,원주시,강원도 원주시 능라동길 48-1
이디야커피,강릉내곡점,강원도,강릉시,강원도 강릉시 범일로 601
이디야커피,장학점,강원도,춘천시,강원도 춘천시 동면 춘천로449번길 11
이디야커피,단관점,강원도,원주시,강원도 원주시 단구로 387
이디야커피낙원점,낙원점,강원도,춘천시,강원도 춘천시 중앙로 110
이디야커피,강원도청점,강원도,춘천시,강원도 춘천시 서부대성로 44
이디야커피,,강원도,원주시,강원도 원주시 건강로 23
이디야커피,,강원도,홍천군,강원도 홍천군 홍천읍 홍천로 321
이디야커피,거두사거리점,강원도,춘천시,강원도 춘천시 동내면 춘천순환로 70
이디야커피홍천제일점,홍천제일점,강원도,홍천군,강원도 홍천군 홍천읍 공작산로 45
이디야커피,,강원도,인제군,강원도 인제군 남면 모루박길 17-46
이디야커피,옥천점,강원도,강릉시,강원도 강릉시 옥천로 62
이디야커피,춘천애막골점,강원도,춘천시,강원도 춘천시 후석로186번길 18
이디야커피,,강원도,원주시,강원도 원주시 흥업면 울업1길 29
이디야커피장학점,장학점,강원도,춘천시,강원도 춘천시 동면 춘천로449번길 30
이디야커피,퇴계점,강원도,춘천시,강원도 춘천시 퇴계로93번길 15
이디야커피,강릉역점,강원도,강릉시,강원도 강릉시 용지로 174-6
이디야커피,속초대포항점,강원도,속초시,강원도 속초시 동해대로 3741
이디야커피,태백중앙점,강원도,태백시,강원도 태백시 번영로 349
이디야커피,춘천공지천점,강원도,춘천시,강원도 춘천시 수변공원길 11
이디야커피,춘천애막골점,강원도,춘천시,강원도 춘천시 후석로 110
이디야커피,춘천의암호점,강원도,춘천시,강원도 춘천시 서면 박사로 734
이디야커피,강원평창점,강원도,평창군,강원도 평창군 평창읍 평창중앙로 55
이디야커피,속초조양동점,강원도,속초시,강원도 속초시 조양로 213
이디야커피,춘천사농동점,강원도,춘천시,강원도 춘천시 사우로 38
이디야커피,강릉중앙점,강원도,강릉시,강원도 강릉시 금성로 58
이디야커피,춘천현대점,강원도,춘천시,강원도 춘천시 춘천로269번길 1
이디야커피,춘천온의롯데캐슬점,강원도,춘천시,강원도 춘천시 방송길 70
이디야커피,강릉CGV점,강원도,강릉시,강원도 강릉시 경강로 2120
이디야커피,삼척교동점,강원도,삼척시,강원도 삼척시 청석로 59
이디야커피전문점,,강원도,춘천시,강원도 춘천시 보안길 70-2
이디야커피,강원둔내점,강원도,횡성군,강원도 횡성군 둔내면 둔방로3번길 3
이디야커피,춘천사우중앙점,강원도,춘천시,강원도 춘천시 충열로 153
이디야커피,상지대점,강원도,원주시,강원도 원주시 상지대길 84
이디야커피,강릉사천점,강원도,강릉시,강원도 강릉시 사천면 진리해변길 68-14
이디야커피,강릉강문해변점,강원도,강릉시,강원도 강릉시 창해로 375
이디야커피,삼척홈플러스점,강원도,삼척시,강원도 삼척시 중앙로 258
이디야커피,춘천여고점,강원도,춘천시,강원도 춘천시 동면 만천양지길 93
이디야커피,원통점,강원도,인제군,강원도 인제군 북면 금강로 5
이디야커피,춘천봄내점,강원도,춘천시,강원도 춘천시 남춘로36번길 89
이디야커피,회산점,강원도,강릉시,강원도 강릉시 회산로 372
이디야커피,원주한라비발디점,강원도,원주시,강원도 원주시 모란1길 75
이디야커피,속초여고점,강원도,속초시,강원도 속초시 동해대로 4280
이디야커피,원주원예하나로클럽점,강원도,원주시,강원도 원주시 무실로 173
이디야커피,석사점,강원도,춘천시,강원도 춘천시 퇴계농공로 10
이디야커피,갈산동점,경기도,이천시,경기도 이천시 향교로 171
이디야커피,수원북문점,경기도,수원시 장안구,경기도 수원시 장안구 정조로922번길 1
이디야커피,수지구청점,경기도,용인시 수지구,경기도 용인시 수지구 풍덕천로 142
이디야커피,능곡점,경기도,고양시 덕양구,경기도 고양시 덕양구 지도로 100
이디야커피,장안타운점,경기도,성남시 분당구,경기도 성남시 분당구 분당로263번길 35
이디야커피,마두역2호점,경기도,고양시 일산동구,경기도 고양시 일산동구 중앙로 1190
이디야커피,김포감정동점,경기도,김포시,경기도 김포시 중봉1로 12
이디야커피파주와동점,파주와동점,경기도,파주시,경기도 파주시 와석순환로 421
이디야커피,경복대점,경기도,남양주시,경기도 남양주시 진접읍 경복대로 426
이디야커피,오산고현점,경기도,오산시,경기도 오산시 남부대로 411-12
이디야커피,봉일천점,경기도,파주시,경기도 파주시 조리읍 봉천로 34-1
이디야커피,가톨릭대점,경기도,부천시,경기도 부천시 지봉로 46
이디야커피,대화마을점,경기도,고양시 일산서구,경기도 고양시 일산서구 대화로 138
이디야커피,일산고양동점,경기도,고양시 덕양구,경기도 고양시 덕양구 혜음로 42
이디야커피,구일산점,경기도,고양시 일산서구,경기도 고양시 일산서구 원일로 117
이디야커피,의정부용현점,경기도,의정부시,경기도 의정부시 충의로 62
이디야커피,부천약대오거리점,경기도,부천시,경기도 부천시 수도로 86
이디야커피,남양주오남점,경기도,남양주시,경기도 남양주시 오남읍 진건오남로 552
이디야커피,양주해동마을점,경기도,양주시,경기도 양주시 고읍남로39번길 129-8
이디야커피,수내로데오점,경기도,성남시 분당구,경기도 성남시 분당구 황새울로258번길 10-7
이디야커피,평촌스마트스퀘어점,경기도,안양시 동안구,경기도 안양시 동안구 시민대로327번길 6
이디야커피,평택삼성점,경기도,평택시,경기도 평택시 고덕면 삼성로 28-239
이디야커피,양주송추점,경기도,양주시,경기도 양주시 장흥면 호국로 553
EDIYACOFFEE,,경기도,광명시,경기도 광명시 오리로 974
이디야커피수원영통디지털점,수원영통디지털점,경기도,수원시 영통구,경기도 수원시 영통구 덕영대로1556번길 16
이디야커피숍,,경기도,화성시,경기도 화성시 10용사로 343-2
이디야커피,창전동점,경기도,이천시,경기도 이천시 영창로 243
이디야커피,용인신갈중앙점,경기도,용인시 기흥구,경기도 용인시 기흥구 신갈로58번길 33
이디야커피,중산점,경기도,고양시 일산동구,경기도 고양시 일산동구 중산로 247
이디야커피,,경기도,남양주시,경기도 남양주시 진접읍 금강로유연들1길 154
이디야커피,광주신현점,경기도,광주시,경기도 광주시 오포읍 신현로 51
이디야커피,,경기도,양주시,경기도 양주시 장흥면 가마골로 4
이디야커피,평촌학원가점,경기도,안양시 동안구,경기도 안양시 동안구 평촌대로 133
EDIYACOFFEE,,경기도,수원시 권선구,경기도 수원시 권선구 산업로156번길 201
이디야커피,덕정역점,경기도,양주시,경기도 양주시 화합로 1373
이디야커피,,경기도,용인시,경기도 용인시 기흥구 동백중앙로 358-8
이디야커피,둔전점,경기도,용인시 처인구,경기도 용인시 처인구 포곡읍 포곡로 99
이디야커피전문일산시장점,일산시장점,경기도,고양시 일산서구,경기도 고양시 일산서구 원일로 69
이디야커피,망포점,경기도,수원시 영통구,경기도 수원시 영통구 영통로 115
이디야커피,중동점,경기도,부천시,경기도 부천시 석천로 171
이디야커피,구리수택점,경기도,구리시,경기도 구리시 체육관로80번길 24
이디야커피삼성교점,삼성교점,경기도,수원시 영통구,경기도 수원시 영통구 인계로 289
이디야커피,남양주평내점,경기도,남양주시,경기도 남양주시 경춘로1256번길 34
이디야커피송탄점,송탄점,경기도,평택시,경기도 평택시 탄현로 323
이디야커피,홈플러스안산점,경기도,안산시 상록구,경기도 안산시 상록구 충장로 432
이디야커피,수원팔달로점,경기도,수원시 팔달구,경기도 수원시 팔달구 중부대로 1
이디야커피,의정부호원중앙점,경기도,의정부시,경기도 의정부시 신흥로 64
이디야커피,수원원천동점,경기도,수원시 영통구,경기도 수원시 영통구 중부대로448번길 97
이디야커피남양주가운점,남양주가운점,경기도,남양주시,경기도 남양주시 가운로1길 25
이디야커피,광교상현역점,경기도,용인시 수지구,경기도 용인시 수지구 광교중앙로296번길 14
이디야커피,안산고잔역점,경기도,안산시 단원구,경기도 안산시 단원구 다리간로 18
이디야커피,신곡중앙점,경기도,의정부시,경기도 의정부시 부용로 209-1
이디야커피,식물원사거리점,경기도,안산시 상록구,경기도 안산시 상록구 도매시장로 91
이디야커피,월피점,경기도,안산시 상록구,경기도 안산시 상록구 광덕산2로 17
이디야광명휴먼시아,,경기도,광명시,경기도 광명시 성채로50번길 15
이디야커피,오산세교점,경기도,오산시,경기도 오산시 수청로106번길 6-3
이디야커피별내동부점,별내동부점,경기도,남양주시,경기도 남양주시 두물로39번길 37-1
이디야커피,시흥프라임캐슬점,경기도,시흥시,경기도 시흥시 포도원로116번길 25
이디야커피,안산고잔로데오점,경기도,안산시 단원구,경기도 안산시 단원구 광덕2로 164
이디야커피,광명역자이타워,경기도,광명시,경기도 광명시 새빛공원로 67
거산파트너스구래아크라시티이디야점,,경기도,김포시,경기도 김포시 김포한강10로133번길 84
이디야커피,파주운정호수공원점,경기도,파주시,경기도 파주시 가온로 172
이디야커피,화성남양중앙점,경기도,화성시,경기도 화성시 남양읍 역골중앙로 118
이디야커피,,경기도,화성시,경기도 화성시 영천로 61
이디야커피,하남테크노밸리U1점,경기도,하남시,경기도 하남시 하남대로 939
이디야커피,부천신흥시장점,경기도,부천시,경기도 부천시 중동로 404
이디야커피,부천심곡본동점,경기도,부천시,경기도 부천시 성주로176번길 28
이디야커피,안산사동중앙점,경기도,안산시 상록구,경기도 안산시 상록구 항가울로 19
이디야커피,경기광주능평점,경기도,광주시,경기도 광주시 오포읍 능평로 210
이디야커피,수지풍덕천점,경기도,용인시 수지구,경기도 용인시 수지구 정평로 40-4
이디야커피,화정별빛마을점,경기도,고양시 덕양구,경기도 고양시 덕양구 화신로 319
이디야커피,하남현대지식산업센터점,경기도,하남시,경기도 하남시 미사대로 550
이디야커피,운유초교점,경기도,김포시,경기도 김포시 김포한강2로 232
이디야커피,포천신읍점,경기도,포천시,경기도 포천시 중앙로 136
이디야커피,파주농민식자재마트점,경기도,파주시,경기도 파주시 조리읍 통일로 43
이디야커피,오산운암점,경기도,오산시,경기도 오산시 운암로 113
이디야커피,비산사거리점,경기도,안양시 동안구,경기도 안양시 동안구 경수대로883번길 96
이디야커피,경기광주회덕점,경기도,광주시,경기도 광주시 이배재로 150
이디야커피,의정부종합운동장점,경기도,의정부시,경기도 의정부시 진등로 11
이디야커피,하남검단산역점,경기도,하남시,경기도 하남시 대청로 73
이디야커피,의정부장암역점,경기도,의정부시,경기도 의정부시 동일로128번길 13
이디야커피,남양주다산한강초교점,경기도,남양주시,경기도 남양주시 다산지금로146번길 8-31
이디야커피,미사골드프라자점,경기도,하남시,경기도 하남시 미사강변대로34번길 82
이디야커피,일산MBC점,경기도,고양시 일산동구,경기도 고양시 일산동구 정발산로 38
이디야커피,용인백암점,경기도,용인시 처인구,경기도 용인시 처인구 백암면 덕평로 1-1
이디야커피부천북부역점,부천북부역점,경기도,부천시,경기도 부천시 부일로 455
이디야커피,남양주도농빙그레점,경기도,남양주시,경기도 남양주시 미금로 50
이디야커피,김포하성점,경기도,김포시,경기도 김포시 하성면 애기봉로 868
이디야커피,안산고잔홈플러스점,경기도,안산시 단원구,경기도 안산시 단원구 광덕대로 175
이디야커피,동아방송대점,경기도,안성시,경기도 안성시 삼죽면 동아예대길 50
이디야커피,기흥삼성점,경기도,용인시 기흥구,경기도 용인시 기흥구 삼성2로 97
이디야커피,김포풍무중앙점,경기도,김포시,경기도 김포시 양도로19번길 8
이디야커피,시흥장현지구점,경기도,시흥시,경기도 시흥시 장현서3길 14-1
이디야커피,용인천리점,경기도,용인시 처인구,경기도 용인시 처인구 이동읍 백옥대로 618
이디야커피,안양덕천점,경기도,안양시 만안구,경기도 안양시 만안구 덕천로48번길 48
이디야커피,의정부금오사거리점,경기도,의정부시,경기도 의정부시 금신로 410
이디야커피,안산그랑시티자이점,경기도,안산시 상록구,경기도 안산시 상록구 해양4로 31
이디야커피,산척중앙점,경기도,화성시,경기도 화성시 동탄산척로2나길 10-11
이디야커피,양주삼숭점,경기도,양주시,경기도 양주시 삼숭로38번길 102
이디야커피,,경기도,고양시 일산동구,경기도 고양시 일산동구 정발산로 24
이디야커피,파주금촌로터리점,경기도,파주시,경기도 파주시 번영로 18-1
이디야커피,산본점,경기도,군포시,경기도 군포시 산본로343번길 23
이디야커피,대부북동점,경기도,안산시 단원구,경기도 안산시 단원구 대부황금로 1203
이디야커피,시흥목감상업지구점,경기도,시흥시,경기도 시흥시 목감남서로 9-33
이디야커피,경기광주밀목점,경기도,광주시,경기도 광주시 중앙로 351
이디야커피,원시역점,경기도,안산시 단원구,경기도 안산시 단원구 별망로 555
이디야커피,평택고덕삼성반도체바이오점,경기도,평택시,경기도 평택시 고덕면 고덕여염9길 25
이디야커피,수원삼성정문점,경기도,수원시 영통구,경기도 수원시 영통구 삼성로 186-1
이디야커피,분당파크뷰점,경기도,성남시 분당구,경기도 성남시 분당구 정자일로 248
이디야커피,수정구청점,경기도,성남시 수정구,경기도 성남시 수정구 수정로 285
이디야커피,남양주팔당한강점,경기도,남양주시,경기도 남양주시 와부읍 팔당로 153
이디야커피,안산본오동2호점,경기도,안산시 상록구,경기도 안산시 상록구 샘골로 184
이디야커피,시흥월곶점,경기도,시흥시,경기도 시흥시 월곶중앙로 59
이디야커피,화정고양점,경기도,고양시 덕양구,경기도 고양시 덕양구 성신로 22
이디야커피,부천센트리움점,경기도,부천시,경기도 부천시 경인로 189
이디야커피,,경기도,수원시 영통구,경기도 수원시 영통구 영통로 107
이디야커피,평택고덕중앙점,경기도,평택시,경기도 평택시 고덕면 고덕여염12길 22
이디야커피,기흥구청점,경기도,용인시 기흥구,경기도 용인시 기흥구 관곡로 92
이디야커피,덕소점,경기도,남양주시,경기도 남양주시 와부읍 덕소로 87-1
이디야커피,전곡역점,경기도,연천군,경기도 연천군 전곡읍 전곡로 156
이디야커피,오산수청점,경기도,오산시,경기도 오산시 내삼미로79번길 31
이디야커피,동탄치동점,경기도,화성시,경기도 화성시 동탄대로21가길 4-10
이디야커피일산미래로타운점,일산미래로타운점,경기도,고양시 일산서구,경기도 고양시 일산서구 장자길118번길 122
이디야커피,성남시청점,경기도,성남시 중원구,경기도 성남시 중원구 양현로405번길 7
이디야커피,평택법원점,경기도,평택시,경기도 평택시 평남로 1041
이디야커피,행신중앙점,경기도,고양시 덕양구,경기도 고양시 덕양구 행신로 131-11
이디야커피,영통중앙점,경기도,수원시 영통구,경기도 수원시 영통구 봉영로 1613
이디야커피,의왕오전점,경기도,의왕시,경기도 의왕시 원골로 14
이디야커피,수원메르디앙점,경기도,수원시 팔달구,경기도 수원시 팔달구 경수대로604번길 19
이디야커피,산본역사점,경기도,군포시,경기도 군포시 번영로 419
이디야커피,안양박달점,경기도,안양시 만안구,경기도 안양시 만안구 박달로 529-1
이디야커피,가현초교점,경기도,김포시,경기도 김포시 김포한강2로 88
이디야커피,용인구성점,경기도,용인시 기흥구,경기도 용인시 기흥구 구성로 94
이디야커피,김포라베니체점,경기도,김포시,경기도 김포시 김포한강2로23번길 10
이디야커피,용인보정제일점,경기도,용인시 기흥구,경기도 용인시 기흥구 죽전로 20
이디야커피숍,,경기도,파주시,경기도 파주시 문산읍 당동1로 39-4
이디야커피,시흥시청점,경기도,시흥시,경기도 시흥시 시청로68번길 4
이디야커피,전원마을점,경기도,김포시,경기도 김포시 김포한강11로 141
이디야커피,수원광교역점,경기도,수원시 영통구,경기도 수원시 영통구 대학1로 49
이디야커피,파주엘씨디로점,경기도,파주시,경기도 파주시 탄현면 엘씨디로241번길 20
이디야커피,의왕포일점,경기도,의왕시,경기도 의왕시 포일세거리로 23
이디야커피김포마산점,김포마산점,경기도,김포시,경기도 김포시 김포한강8로 163
이디야커피,CGV점,경기도,시흥시,경기도 시흥시 복지로 90
이디야커피,곡반정동점,경기도,수원시 권선구,경기도 수원시 권선구 곡반정로97번길 20
이디야커피동서울대점,동서울대점,경기도,성남시 수정구,경기도 성남시 수정구 복정로 68
이디야커피,회정점,경기도,양주시,경기도 양주시 평화로 1571
이디야커피,경기광주양벌점,경기도,광주시,경기도 광주시 오포읍 양벌로 331-6
이디야커피,의정부로터리점,경기도,의정부시,경기도 의정부시 호국로 1329
이디야커피숍,,경기도,포천시,경기도 포천시 소흘읍 호국로 493-6
이디야커피,위례우남역점,경기도,성남시 수정구,경기도 성남시 수정구 위례광장로 21-10
이디야커피,안중백병원점,경기도,평택시,경기도 평택시 안중읍 서동대로 1931-21
이디야커피,동탄프리미엄아울렛점,경기도,화성시,경기도 화성시 동탄면 동탄기흥로257번가길 7
이디야커피,백석역점,경기도,고양시 일산동구,경기도 고양시 일산동구 일산로 46
이디야커피안산반월공단점,안산반월공단점,경기도,안산시 단원구,경기도 안산시 단원구 동산로 76
이디야커피,안산오토돔점,경기도,안산시 단원구,경기도 안산시 단원구 풍전로 53
이디야커피,안산본오중앙점,경기도,안산시 상록구,경기도 안산시 상록구 각골로 63
이디야커피,수원인계중앙점,경기도,수원시 팔달구,경기도 수원시 팔달구 권광로 280
이디야커피하중점,하중점,경기도,시흥시,경기도 시흥시 하중로 199
이디야커피,용인한숲시티점,경기도,용인시 처인구,경기도 용인시 처인구 남사면 한숲로 123
EDIYAcoffee,,경기도,고양시 일산서구,경기도 고양시 일산서구 경의로 672
이디야커피,안양대점,경기도,안양시 만안구,경기도 안양시 만안구 안양로257번길 23
이디야커피,신봉초교점,경기도,용인시 수지구,경기도 용인시 수지구 신봉2로 115-16
이디야커피,안산스포츠파크점,경기도,안산시 단원구,경기도 안산시 단원구 첨단로 644
EDIYACOFFEE,,경기도,군포시,경기도 군포시 번영로 504
이디야커피,화성봉담점,경기도,화성시,경기도 화성시 봉담읍 상봉길 31
이디야커피안산사동점,안산사동점,경기도,안산시,경기도 안산시 상록구 감골2로 13
이디야커피,수원능실마을점,경기도,수원시 권선구,경기도 수원시 권선구 호매실로90번길 116
이디야커피,평택대점,경기도,평택시,경기도 평택시 현신2길 6
이디야커피,양주복지점,경기도,양주시,경기도 양주시 백석읍 양주산성로 603
이디야커피,성남상대원시장점,경기도,성남시 중원구,경기도 성남시 중원구 희망로 334
이디야커피,백상앨리츠점,경기도,남양주시,경기도 남양주시 별내중앙로 36-31
이디야커피,청평점,경기도,가평군,경기도 가평군 청평면 청평중앙로 70
이디야커피,,경기도,의정부시,경기도 의정부시 평화로 483
이디야커피,,경기도,과천시,경기도 과천시 경마공원대로 107
이디야커피,,경기도,안양시 만안구,경기도 안양시 만안구 양화로 34
이디야커피,용인신갈지점,경기도,용인시 기흥구,경기도 용인시 기흥구 새천년로 20
이디야커피,야당역점,경기도,파주시,경기도 파주시 경의로 1080
이디야커피가현초교점,가현초교점,경기도,김포시,경기도 김포시 김포한강2로 96
이디야커피,,경기도,용인시 기흥구,경기도 용인시 기흥구 평촌2로2번길 12
이디야커피,안성죽산점,경기도,안성시,경기도 안성시 죽산면 죽주로 287-1
이디야커피,용인상갈점,경기도,용인시 기흥구,경기도 용인시 기흥구 금화로 101
이디야커피,덕정역점,경기도,양주시,경기도 양주시 화합로 1365
이디야커피,하남덕풍점,경기도,하남시,경기도 하남시 신장로 133
이디야커피,배곧타운점,경기도,시흥시,경기도 시흥시 배곧4로 22
이디야커피,김포운양점,경기도,김포시,경기도 김포시 김포한강11로 288-5
이디야커피,산본학원가점,경기도,군포시,경기도 군포시 산본로 390
이디야커피,,경기도,김포시,경기도 김포시 중구로 23
이디야커피,,경기도,김포시,경기도 김포시 사우중로 15
이디야커피숍,,경기도,김포시,경기도 김포시 김포한강9로 36
이디야커피,하남덕풍점,경기도,하남시,경기도 하남시 신장로 134
이디야커피,안산서울예대점,경기도,안산시,경기도 안산시 단원구 예술대학로 161
이디야커피,,경기도,수원시 권선구,경기도 수원시 권선구 하탑로 38
이디야커피,,경기도,성남시 중원구,경기도 성남시 중원구 여수대로 203
이디야커피,부천원미구청점,경기도,부천시,경기도 부천시 부천로 140
이디야커피,수택사거리점,경기도,구리시,경기도 구리시 검배로 51-1
이디야커피전문점,,경기도,고양시 일산동구,경기도 고양시 일산동구 중앙로 1124
이디야커피,파주운정이마트점,경기도,파주시,경기도 파주시 한울로 123
이디야커피,,경기도,남양주시,경기도 남양주시 오남읍 진건오남로 522
이디야커피,행신서정점,경기도,고양시 덕양구,경기도 고양시 덕양구 중앙로 438
이디야커피,별내메가박스점,경기도,남양주시,경기도 남양주시 두물로 19
이디야커피,진접제일점,경기도,남양주시,경기도 남양주시 진접읍 금강로 1529
이디야커피,,경기도,이천시,경기도 이천시 구만리로 191
이디야커피,평택팽성점,경기도,평택시,경기도 평택시 팽성읍 동서촌로 73
이디야커피,여주터미널점,경기도,여주시,경기도 여주시 세종로 85
이디야커피,용인에버랜드역점,경기도,용인시 처인구,경기도 용인시 처인구 포곡읍 전대로78번길 19-2
이디야커피,하남감일,경기도,하남시,경기도 하남시 감일로102번길 35
이디야커피,의정부고산신도시점,경기도,의정부시,경기도 의정부시 서광로 169
이디야커피,성남동점,경기도,성남시 중원구,경기도 성남시 중원구 둔촌대로 115
이디야커피,포천이동점,경기도,포천시,경기도 포천시 이동면 화동로 2058
이디야커피,화성향남시범점,경기도,화성시,경기도 화성시 향남읍 행정중앙1로 10
이디야커피,비산동점,경기도,안양시 동안구,경기도 안양시 동안구 관악대로 173
이디야커피,김포걸포메트로자이점,경기도,김포시,경기도 김포시 걸포2로 49
이디야커피,진벌점,경기도,남양주시,경기도 남양주시 진접읍 진벌로 73
이디야커피,북판교고등점,경기도,성남시 수정구,경기도 성남시 수정구 청계산로1길 25
이디야커피,광주시청점,경기도,광주시,경기도 광주시 행정타운로 49-6
이디야커피,판교봇들마을점,경기도,성남시 분당구,경기도 성남시 분당구 판교로 375
이디야커피,용인고진역점,경기도,용인시 처인구,경기도 용인시 처인구 백옥대로 1238
이디야커피,하이파크시티점,경기도,고양시 일산서구,경기도 고양시 일산서구 하이파크1로 77
이디야커피,화성봉담동화점,경기도,화성시,경기도 화성시 봉담읍 동화길 93-12
이디야커피,죽전역점,경기도,용인시 수지구,경기도 용인시 수지구 포은대로 530
이디야커피,의정부KT교차로점,경기도,의정부시,경기도 의정부시 신흥로 193
이디야커피,파주금릉점,경기도,파주시,경기도 파주시 쇠재로 128
이디야커피,안산한도병원점,경기도,안산시 단원구,경기도 안산시 단원구 선부광장로 95
이디야커피,안양관양점,경기도,안양시 동안구,경기도 안양시 동안구 관악대로388번길 3
이디야커피,의정부신곡1동점,경기도,의정부시,경기도 의정부시 발곡로 25
이디야커피,,경기도,하남시,경기도 하남시 미사강변중앙로111번길 4
이디야커피,일산국립암센터점,경기도,고양시 일산동구,경기도 고양시 일산동구 일산로330번길 12-2
이디야커피,동두천중앙역점,경기도,동두천시,경기도 동두천시 중앙로 278
이디야커피,여주중앙점,경기도,여주시,경기도 여주시 여흥로 111-1
이디야커피,송내남부역점,경기도,부천시,경기도 부천시 송내대로 31
이디야커피,미사강변한강로점,경기도,하남시,경기도 하남시 미사강변한강로334번길 34
이디야커피,교하점,경기도,파주시,경기도 파주시 청석로 260
이디야커피,분당미금제일점,경기도,성남시 분당구,경기도 성남시 분당구 미금일로86번길 11
이디야커피,,경기도,안산시 단원구,경기도 안산시 단원구 원포공원1로 19
이디야커피,이천부발점,경기도,이천시,경기도 이천시 부발읍 경충대로 2096-4
이디야커피,마북점,경기도,용인시 기흥구,경기도 용인시 기흥구 마북로154번길 3
이디야커피,센트럴푸르지오점,경기도,시흥시,경기도 시흥시 수인로3312번길 16
이디야커피,미사로데오점,경기도,하남시,경기도 하남시 미사강변중앙로204번길 22
이디야커피범계사거리점,범계사거리점,경기도,안양시 동안구,경기도 안양시 동안구 시민대로 137
이디야커피,시흥목감점,경기도,시흥시,경기도 시흥시 동서로 1086
이디야커피,,경기도,시흥시,경기도 시흥시 정왕대로233번안길 1
이디야커피,수원광교웰빙점,경기도,수원시 영통구,경기도 수원시 영통구 웰빙타운로49번길 36
이디야커피,남양주다산푸르지오점,경기도,남양주시,경기도 남양주시 다산중앙로82번길 72-39
이디야죽전벽산,,경기도,용인시 수지구,경기도 용인시 수지구 용구대로2801번길 2
이디야커피,평택이곡점,경기도,평택시,경기도 평택시 비전6길 4
이디야커피,오남역점,경기도,남양주시,경기도 남양주시 오남읍 진건오남로 933
이디야커피,안양석수역점,경기도,안양시 만안구,경기도 안양시 만안구 연현로 101
이디야커피,장기제일점,경기도,김포시,경기도 김포시 태장로795번길 23
이디야커피,평택송탄신장점,경기도,평택시,경기도 평택시 쇼핑로 25-1
이디야커피,,경기도,안산시 단원구,경기도 안산시 단원구 광덕3로 178
이디야커피,안양예술공원점,경기도,안양시 만안구,경기도 안양시 만안구 예술공원로 148
이디야커피,분당서현시범단지점,경기도,성남시 분당구,경기도 성남시 분당구 중앙공원로40번길 8
이디야커피,이천송정점,경기도,이천시,경기도 이천시 증신로291번길 138
이디야커피,의정부서부로점,경기도,의정부시,경기도 의정부시 서부로 675
이디야커피,대부도펜션타운점,경기도,안산시 단원구,경기도 안산시 단원구 참살이2길 12
이디야커피,양근로점,경기도,양평군,경기도 양평군 양평읍 양근로 67
이디야커피양주광적점,양주광적점,경기도,양주시,경기도 양주시 광적면 가래비길 118
이디야커피,시흥은계남부점,경기도,시흥시,경기도 시흥시 은계번영길 5
이디야커피,안양법원점,경기도,안양시 동안구,경기도 안양시 동안구 시민대로 277
이디야커피,성남복정도서관점,경기도,성남시 수정구,경기도 성남시 수정구 복정로 121
이디야커피,금정역점,경기도,군포시,경기도 군포시 산본천로 216
이디야커피,광명소하점,경기도,광명시,경기도 광명시 금하로 458
이디야커피,하남신장에코점,경기도,하남시,경기도 하남시 신장동로 35
이디야커피,안산월피현대점,경기도,안산시 상록구,경기도 안산시 상록구 안산천동로1길 29
이디야커피,남양주사능점,경기도,남양주시,경기도 남양주시 진건읍 진건오남로 90
이디야커피부천옥길점,부천옥길점,경기도,부천시,경기도 부천시 양지로184번길 8-8
시흥이디야,,경기도,시흥시,경기도 시흥시 복지로 90
이디야커피,일산강선마을점,경기도,고양시 일산서구,경기도 고양시 일산서구 중앙로 1376
이디야커피,,경기도,남양주시,경기도 남양주시 화도읍 북한강로 1132-19
이디야커피,용인서천점,경기도,용인시 기흥구,경기도 용인시 기흥구 서그내로 31
이디야커피,파주봉일천점,경기도,파주시,경기도 파주시 조리읍 봉천로 34
이디야커피,남양주시청점,경기도,남양주시,경기도 남양주시 금곡로 50
이디야커피,평촌점,경기도,안양시 동안구,경기도 안양시 동안구 관평로182번길 54
이디야커피,안산한대앞역점,경기도,안산시 상록구,경기도 안산시 상록구 광덕1로 380
이디야커피,군포역점,경기도,군포시,경기도 군포시 군포로 535
이디야커피,오이도등대점,경기도,시흥시,경기도 시흥시 오이도로 195
이디야커피,에스프레소,경기도,성남시 중원구,경기도 성남시 중원구 광명로 373
이디야커피,수지E편한세상점,경기도,용인시 수지구,경기도 용인시 수지구 포은대로313번길 7-10
이디야커피,오산궐동점,경기도,오산시,경기도 오산시 궐리사로 20
이디야커피,경기도청북부청사점,경기도,의정부시,경기도 의정부시 장곡로596번길 9
이디야커피,광명소하이마트점,경기도,광명시,경기도 광명시 소하로 97
이디야커피,덕양구청점,경기도,고양시 덕양구,경기도 고양시 덕양구 화중로104번길 26
이디야커피,이마트평택점,경기도,평택시,경기도 평택시 영신로 29
이디야커피,이천이마트점,경기도,이천시,경기도 이천시 이섭대천로 1440-50
이디야커피,진접센트레빌점,경기도,남양주시,경기도 남양주시 진접읍 부평로 32
이디야커피,양주옥정로데오점,경기도,양주시,경기도 양주시 옥정로 204
이디야커피수지동천중앙점,수지동천중앙점,경기도,용인시 수지구,경기도 용인시 수지구 문인로 64-1
이디야커피숍,,경기도,고양시 일산동구,경기도 고양시 일산동구 중앙로 1317
이디야커피,모란역점,경기도,성남시 중원구,경기도 성남시 중원구 광명로 8
이디야커피,,경기도,포천시,경기도 포천시 소흘읍 태봉로 235
이디야커피,동탄영천점,경기도,화성시,경기도 화성시 지산1길 25-12
이디야커피,안산와동점,경기도,안산시 단원구,경기도 안산시 단원구 와동로 44
이디야-고잔이마트,,경기도,안산시 단원구,경기도 안산시 단원구 원포공원1로 46
이디야커피,안양일번가점,경기도,안양시 만안구,경기도 안양시 만안구 만안로 207
이디야커피,오산원동점,경기도,오산시,경기도 오산시 경기대로 154
이디야커피,강남대점,경기도,용인시 기흥구,경기도 용인시 기흥구 강남로 9
이디야커피,,경기도,안산시 상록구,경기도 안산시 상록구 본오로 55
이디야커피,도심역점,경기도,남양주시,경기도 남양주시 와부읍 덕소로 214
이디야커피,안양호계동점,경기도,안양시 동안구,경기도 안양시 동안구 엘에스로 34
이디야커피,수원고색산업단지점,경기도,수원시 권선구,경기도 수원시 권선구 산업로156번길 201
이디야커피,수원로데오점,경기도,수원시 팔달구,경기도 수원시 팔달구 갓매산로 46
이디야커피,양평롯데마트점,경기도,양평군,경기도 양평군 양평읍 남북로 76
이디야커피,갈매중앙점,경기도,구리시,경기도 구리시 갈매중앙로55번길 56-11
이디야커피,풍무역점,경기도,김포시,경기도 김포시 유현로238번길 8
이디야커피미사망월점,미사망월점,경기도,하남시,경기도 하남시 미사강변북로30번길 12
이디야커피,범골점,경기도,의정부시,경기도 의정부시 범골로 110
이디야커피,장호원점,경기도,이천시,경기도 이천시 장호원읍 장감로 23
이디야커피,,경기도,남양주시,경기도 남양주시 순화궁로 167
이디야커피,신기사거리점,경기도,성남시 분당구,경기도 성남시 분당구 불정로87번길 17
이디야커피,에스케이엔테크노파크점,경기도,성남시 중원구,경기도 성남시 중원구 사기막골로 124
이디야커피,위례중앙역점,경기도,성남시 수정구,경기도 성남시 수정구 위례광장로 322
이디야커피,부천소사점,경기도,부천시,경기도 부천시 소사로 214
이디야커피,시흥한라비발디점,경기도,시흥시,경기도 시흥시 배곧1로 27-16
이디야커피,가평대성점,경기도,가평군,경기도 가평군 청평면 경춘로 530
이디야커피,,경기도,구리시,경기도 구리시 동구릉로136번길 35
이디야커피,원흥역점,경기도,고양시 덕양구,경기도 고양시 덕양구 삼송로 8
이디야커피,평택안중점,경기도,평택시,경기도 평택시 안중읍 송담2로 31
이디야커피,,경기도,성남시 수정구,경기도 성남시 수정구 위례광장로 300
이디야커피,안산고잔주공점,경기도,안산시 단원구,경기도 안산시 단원구 예술대학로 83
이디야커피,화성사강점,경기도,화성시,경기도 화성시 송산면 사강로 201
이디야커피,여주가남점,경기도,여주시,경기도 여주시 가남읍 태평1길 4
이디야커피,,경기도,안양시 만안구,경기도 안양시 만안구 전파로 23
이디야커피,용인마북중앙점,경기도,용인시 기흥구,경기도 용인시 기흥구 연원로 8
이디야커피,곤지암점,경기도,광주시,경기도 광주시 곤지암읍 곤지암로 53
EDIYA커피,,경기도,가평군,경기도 가평군 가평읍 가화로 104
이디야커피,인덕원역점,경기도,안양시 동안구,경기도 안양시 동안구 흥안대로 517
이디야커피,안양중앙점,경기도,안양시 만안구,경기도 안양시 만안구 안양로 283
이디야커피,,경기도,부천시,경기도 부천시 소사로 141
이디야커피,수원고색점,경기도,수원시 권선구,경기도 수원시 권선구 매송고색로691번길 2
이디야커피,고양삼송역점,경기도,고양시 덕양구,경기도 고양시 덕양구 삼송로 189-7
이디야커피,양주미소점,경기도,양주시,경기도 양주시 부흥로 2151
이디야커피,미금점,경기도,성남시 분당구,경기도 성남시 분당구 돌마로 73
이디야커피,화성봉담중앙점,경기도,화성시,경기도 화성시 봉담읍 장등1길 3-7
이디야커피,오산시청점,경기도,오산시,경기도 오산시 성호대로 130
이디야커피,부천중동로데오점,경기도,부천시,경기도 부천시 소향로253번길 17
이디야커피,동탄삼성반도체점,경기도,화성시,경기도 화성시 삼성1로 160
이디야황골마을,,경기도,수원시 영통구,경기도 수원시 영통구 봉영로1759번길 7
이디야커피,남양주가곡점,경기도,남양주시,경기도 남양주시 화도읍 가곡로 4
이디야커피,미사수변공원점,경기도,하남시,경기도 하남시 미사강변중앙로 161
이디야커피,미사강변도시점,경기도,하남시,경기도 하남시 미사강변대로226번길 26
이디야커피,,경기도,부천시,경기도 부천시 성주로 274-2
이디야커피,의정부가능동SK점,경기도,의정부시,경기도 의정부시 신촌로 18-7
이디야커피,남양주내각리점,경기도,남양주시,경기도 남양주시 진접읍 내각1로 67
이디야커피,남양주호평중앙점,경기도,남양주시,경기도 남양주시 천마산로 25
이디야커피양주삼숭점,양주삼숭점,경기도,양주시,경기도 양주시 삼숭로38번길 25-5
이디야커피,포천소흘점,경기도,포천시,경기도 포천시 소흘읍 호국로 499
이디야커피,수내양지마을점,경기도,성남시 분당구,경기도 성남시 분당구 내정로165번길 50
이디야커피,산내마을점,경기도,파주시,경기도 파주시 교하로 79
이디야커피의정부솔뫼점,의정부솔뫼점,경기도,의정부시,경기도 의정부시 시민로 446
이디야수원디지털엠파이어2,,경기도,수원시 영통구,경기도 수원시 영통구 신원로 88
이디야커피,,경기도,포천시,경기도 포천시 소흘읍 솔모루로81번길 23
이디야커피,가평점,경기도,가평군,경기도 가평군 가평읍 가화로 104
이디야커피용인신갈중앙점,용인신갈중앙점,경기도,용인시 기흥구,경기도 용인시 기흥구 신갈로58번길 33
이디야커피향남롯데시네마점,향남롯데시네마점,경기도,화성시,경기도 화성시 향남읍 상신하길로298번길 7-21
이디야커피,김포고촌점,경기도,김포시,경기도 김포시 고촌읍 김포대로 340
이디야커피,수내파크타운점,경기도,성남시 분당구,경기도 성남시 분당구 내정로166번길 43
이디야에스프레소,,경기도,성남시 중원구,경기도 성남시 중원구 광명로 373
이디야커피동탄대로점,동탄대로점,경기도,화성시,경기도 화성시 동탄대로14길 5-11
이디야커피,화성남양점,경기도,화성시,경기도 화성시 남양읍 시청로 6
이디야커피,용인물푸레마을점,경기도,용인시 기흥구,경기도 용인시 기흥구 구성3로28번길 20
이디야커피시흥조남점,시흥조남점,경기도,시흥시,경기도 시흥시 목감우회로 51
이디야커피,옥정율정점,경기도,양주시,경기도 양주시 옥정동로8길 10
이디야커피,수원신동점,경기도,화성시,경기도 화성시 권선로882번길 115-2
이디야커피,구운동점,경기도,수원시 권선구,경기도 수원시 권선구 구운중로4번길 20
이디야커피수원조원점,수원조원점,경기도,수원시 장안구,경기도 수원시 장안구 금당로 46
이디야판교중앙점EDIYACOFFEE,,경기도,성남시 분당구,경기도 성남시 분당구 판교역로 182
이디야커피,의왕내손점,경기도,의왕시,경기도 의왕시 포일로 43
이디야커피,수내동점,경기도,성남시 분당구,경기도 성남시 분당구 내정로165번길 35
이디야커피,,경기도,양주시,경기도 양주시 고읍로 36-18
이디야커피,화성조암점,경기도,화성시,경기도 화성시 우정읍 조암남로 12
이디야커피,비전점,경기도,평택시,경기도 평택시 비전2로 192
이디야커피,동편마을점,경기도,안양시 동안구,경기도 안양시 동안구 동편로 140
이디야커피,광주점,경기도,광주시,경기도 광주시 초월읍 경충대로 907
이디야에스프레소,,경기도,용인시 수지구,경기도 용인시 수지구 성복2로 226
이디야커피선부중앙점,선부중앙점,경기도,안산시 단원구,경기도 안산시 단원구 선부로 191
이디야커피,수원광교고교점,경기도,수원시 영통구,경기도 수원시 영통구 도청로89번길 31
이디야커피,위례효성해링턴타워점,경기도,하남시,경기도 하남시 위례대로 190
이디야커피,안산신길점,경기도,안산시 단원구,경기도 안산시 단원구 신길로 9-4
이디야커피,수원팔달로점,경기도,수원시 팔달구,경기도 수원시 팔달구 정조로 754
이디야커피,진접장현리점,경기도,남양주시,경기도 남양주시 진접읍 장현로 77
이디야커피아주대점,아주대점,경기도,수원시 영통구,경기도 수원시 영통구 월드컵로 206
이디야커피,부천성모병원점,경기도,부천시,경기도 부천시 부흥로 472
이디야커피김포나비초교점,김포나비초교점,경기도,김포시,경기도 김포시 김포한강9로 30
EDIYACOFFEE,,경기도,화성시,경기도 화성시 병점1로 221
이디야커피,동탄체육공원점,경기도,화성시,경기도 화성시 왕배산2길 4-20
이디야커피,이천로데오점,경기도,이천시,경기도 이천시 영창로 202-8
이디야커피,부천북부역점,경기도,부천시,경기도 부천시 부일로 457
이디야한양대애리카캠퍼스,,경기도,안산시,경기도 안산시 상록구 한양대학로 55
이디야커피,수원광교법조타운점,경기도,수원시 영통구,경기도 수원시 영통구 광교중앙로266번길 40
이디야커피,경기광주세무서점,경기도,광주시,경기도 광주시 포돌이로 1
이디야커피,시흥능곡점,경기도,시흥시,경기도 시흥시 장현능곡로 198
이디야커피,수내푸른마을점,경기도,성남시 분당구,경기도 성남시 분당구 불정로 254
이디야커피,,경기도,부천시,경기도 부천시 상일로122번길 46
이디야커피,동백역점,경기도,용인시 기흥구,경기도 용인시 기흥구 동백중앙로 177
이디야커피,원흥중앙점,경기도,고양시 덕양구,경기도 고양시 덕양구 도래울로 105
이디야커피,포천개성인삼농협점,경기도,포천시,경기도 포천시 호국로 1423
이디야커피,동탄으뜸U테크밸리점,경기도,화성시,경기도 화성시 동탄기흥로 559
이디야커피,용인포곡점,경기도,용인시 처인구,경기도 용인시 처인구 포곡읍 포곡로 220
이디야커피,안산수암동점,경기도,안산시 상록구,경기도 안산시 상록구 수암2길 3
이디야커피,갈매비발디점,경기도,구리시,경기도 구리시 갈매순환로 198
이디야커피,일산동국점,경기도,고양시 일산동구,경기도 고양시 일산동구 동국로 18
이디야커피,하남미사중앙점,경기도,하남시,경기도 하남시 미사강변중앙로 221
이디야커피,파주야당동점,경기도,파주시,경기도 파주시 송학1길 135-25
이디야커피,일산코레일점,경기도,고양시 일산서구,경기도 고양시 일산서구 경의로 672
이디야커피,가평터미널점,경기도,가평군,경기도 가평군 가평읍 가화로 51
이디야커피,마석역점,경기도,남양주시,경기도 남양주시 화도읍 마석중앙로 101
이디야커피,수원화서점,경기도,수원시 팔달구,경기도 수원시 팔달구 화산로 56
이디야커피,파주운정점,경기도,파주시,경기도 파주시 와석순환로 78
이디야커피,이마트흥덕점,경기도,용인시,경기도 용인시 기흥구 흥덕중앙로 60
이디야커피,다문중앙점,경기도,양평군,경기도 양평군 용문면 다문중앙1길 7
이디야커피,광주송정동점,경기도,광주시,경기도 광주시 중앙로 205
이디야커피,광교경기도청점,경기도,수원시 영통구,경기도 수원시 영통구 센트럴타운로 92
이디야커피,부천여월점,경기도,부천시,경기도 부천시 삼작로306번길 7-1
이디야커피,고양내유점,경기도,고양시 덕양구,경기도 고양시 덕양구 통일로 1072
이디야커피,화성우정화산점,경기도,화성시,경기도 화성시 우정읍 기아자동차로 687
이디야커피,화성발안점,경기도,화성시,경기도 화성시 향남읍 발안공단로 90
이디야커피,,경기도,용인시 수지구,경기도 용인시 수지구 풍덕천로140번길 5-5
이디야커피,수원아이파크몰점,경기도,수원시 권선구,경기도 수원시 권선구 동수원로177번길 90
이디야커피,가능서부점,경기도,의정부시,경기도 의정부시 가능로119번길 17
이디야커피,부천옥길헤리움점,경기도,부천시,경기도 부천시 범안로 221
이디야커피,남양주다산역점,경기도,남양주시,경기도 남양주시 다산중앙로123번길 22-16
이디야커피,평택용죽점,경기도,평택시,경기도 평택시 용죽5길 5-9
이디야커피,김포풍무점,경기도,김포시,경기도 김포시 풍무로 97
이디야커피,가평설악점,경기도,가평군,경기도 가평군 설악면 유명로 1600
이디야커피,,경기도,여주시,경기도 여주시 세종로 151
이디야커피,캠프케이시점,경기도,동두천시,경기도 동두천시 평화로 2557-1
이디야커피,화성동탄SKV1,경기도,화성시,경기도 화성시 동탄순환대로 830
이디야커피,시흥배곧신도시점,경기도,시흥시,경기도 시흥시 서울대학로264번길 50
이디야커피,광주경안점,경기도,광주시,경기도 광주시 경안로 17
이디야커피,동아방송대점,경기도,안성시,경기도 안성시 삼죽면 동아예대길 47
이디야커피,수원광교레이크타운점,경기도,수원시 영통구,경기도 수원시 영통구 법조로 38
이디야커피,용인마북중앙점,경기도,용인시 기흥구,경기도 용인시 기흥구 용구대로 2398
이디야커피,인덕원벌말점,경기도,안양시 동안구,경기도 안양시 동안구 흥안대로456번길 42
이디야커피,용인농서점,경기도,용인시 기흥구,경기도 용인시 기흥구 서천로202번길 5
이디야커피,,경기도,남양주시,경기도 남양주시 다산중앙로172번길 38
이디야커피,금정코레일점,경기도,군포시,경기도 군포시 군포로 750
이디야커피,화성석우IT점,경기도,화성시,경기도 화성시 동학산2길 8-7
이디야커피,일산풍동점,경기도,고양시 일산동구,경기도 고양시 일산동구 숲속마을1로 76
이디야커피,서하남IC점,경기도,하남시,경기도 하남시 서하남로 31
이디야커피,,경기도,용인시 기흥구,경기도 용인시 기흥구 동백중앙로 283
이디야커피,광교중앙점,경기도,수원시 영통구,경기도 수원시 영통구 센트럴타운로 103
이디야커피,호수동점,경기도,안산시 단원구,경기도 안산시 단원구 광덕대로 130
이디야커피,역북점,경기도,용인시 처인구,경기도 용인시 처인구 중부대로1313번길 2
이디야커피,,경기도,성남시 수정구,경기도 성남시 수정구 수정로 154
이디야커피,부천중동시계탑점,경기도,부천시,경기도 부천시 조마루로291번길 46
이디야커피숍,,경기도,안산시 단원구,경기도 안산시 단원구 선부로 110-1
이디야커피호매실중앙점,호매실중앙점,경기도,수원시 권선구,경기도 수원시 권선구 금곡로 204
이디야커피,하남유니온파크점,경기도,하남시,경기도 하남시 하남유니온로 70
이디야커피,,경기도,양주시,경기도 양주시 옥정동로 187
이디야커피,,경기도,부천시,경기도 부천시 호현로489번길 39
이디야커피,하남시청점,경기도,하남시,경기도 하남시 대청로 15
이디야커피,안산중앙점,경기도,안산시,경기도 안산시 단원구 중앙대로 907
이디야커피,태평역점,경기도,성남시 수정구,경기도 성남시 수정구 수정로73번길 6-6
이디야커피,민락2지구점,경기도,의정부시,경기도 의정부시 오목로 215
이디야커피호원점,호원점,경기도,의정부시,경기도 의정부시 신흥로 125
이디야커피,안산중앙역점,경기도,안산시 단원구,경기도 안산시 단원구 광덕4로 234
이디야커피,중동시계탑점,경기도,부천시,경기도 부천시 조마루로297번길 33
이디야커피,죽전중앙점,경기도,용인시 수지구,경기도 용인시 수지구 대지로 58
이디야커피수지신봉점,수지신봉점,경기도,용인시 수지구,경기도 용인시 수지구 신봉2로 2
이디야커피,수지성복역점,경기도,용인시 수지구,경기도 용인시 수지구 수지로 119
이디야커피,별내서부점,경기도,남양주시,경기도 남양주시 별내5로5번길 4-21
이디야커피,역곡북부역점,경기도,부천시,경기도 부천시 부일로 743
이디야커피,아주대점,경기도,수원시 팔달구,경기도 수원시 팔달구 아주로 43
이디야커피,중대점,경기도,광주시,경기도 광주시 고불로 50
이디야커피,안산반월공단점,경기도,안산시 단원구,경기도 안산시 단원구 동산로 76
이디야커피,덕풍중앙점,경기도,하남시,경기도 하남시 덕풍동로 111-21
이디야커피,부천성곡동점,경기도,부천시,경기도 부천시 성곡로 28
코레일유통이디야커피,,경기도,고양시 일산서구,경기도 고양시 일산서구 경의로 672
이디야커피,안산자유센터점,경기도,안산시,경기도 안산시 단원구 화랑로 358
이디야커피,구리교문동점,경기도,구리시,경기도 구리시 경춘로 176
이디야커피,,경기도,안산시 단원구,경기도 안산시 단원구 원선1로 37
이디야커피,일반음식점,경기도,부천시,경기도 부천시 소사동로72번길 17
이디야커피,수원센트럴점,경기도,수원시 권선구,경기도 수원시 권선구 세류로 55
이디야커피,남양주마석가구공단점,경기도,남양주시,경기도 남양주시 화도읍 경춘로 1718
이디야커피,의왕역점,경기도,의왕시,경기도 의왕시 부곡중앙로 27
이디야커피,이마트서수원점,경기도,수원시 권선구,경기도 수원시 권선구 수인로 291
이디야커피,안양SKV1점,경기도,안양시 동안구,경기도 안양시 동안구 엘에스로116번길 25-32
이디야커피,남양주다산에일린의뜰점,경기도,남양주시,경기도 남양주시 다산지금로16번길 88
이디야커피,고양지축점,경기도,고양시 덕양구,경기도 고양시 덕양구 삼송로 299
이디야커피,하남광암동점,경기도,하남시,경기도 하남시 초광로 110
이디야커피,병점홈플러스점,경기도,화성시,경기도 화성시 경기대로 985
이디야커피,삼육대점,경기도,남양주시,경기도 남양주시 불암로 25-39
이디야커피,갈매로데오점,경기도,구리시,경기도 구리시 갈매중앙로 89-10
이디야커피,판교점,경기도,성남시 분당구,경기도 성남시 분당구 판교역로 182
이디야커피,일산킨텍스꿈에그린점,경기도,고양시 일산서구,경기도 고양시 일산서구 킨텍스로 240
이디야커피,김포호수초교점,경기도,김포시,경기도 김포시 김포한강5로 385
이디야커피,안성공도점,경기도,안성시,경기도 안성시 공도읍 공도3로 14
이디야커피,고양벽제삼거리점,경기도,고양시 덕양구,경기도 고양시 덕양구 혜음로 166
이디야커피,다산부영점,경기도,남양주시,경기도 남양주시 다산중앙로82번안길 122
이디야커피,풍무역점,경기도,김포시,경기도 김포시 유현로238번길 31
이디야커피,포천송우리중앙점,경기도,포천시,경기도 포천시 소흘읍 송우로 74
이디야커피,능곡역점,경기도,고양시 덕양구,경기도 고양시 덕양구 토당로 54
이디야커피,의정부홈플러스점,경기도,의정부시,경기도 의정부시 청사로 38
이디야커피,다산중앙점,경기도,남양주시,경기도 남양주시 다산순환로 397-54
이디야커피,수원일월공원점,경기도,수원시 장안구,경기도 수원시 장안구 일월로 68
이디야커피,평내중앙점,경기도,남양주시,경기도 남양주시 경춘로 1298
이디야커피,파주운정점,경기도,파주시,경기도 파주시 송학2길 113
이디야커피,광명역사점,경기도,광명시,경기도 광명시 광명역로 21
이디야커피,부천먼마루점,경기도,부천시,경기도 부천시 소사로 814
이디야커피,안성아양지구점,경기도,안성시,경기도 안성시 아양1로 73
이디야커피,망포역점,경기도,수원시,경기도 수원시 영통구 영통로 195
이디야커피,용인신동백점,경기도,용인시 기흥구,경기도 용인시 기흥구 동백죽전대로527번길 100-3
이디야커피파주운정이마트점,파주운정이마트점,경기도,파주시,경기도 파주시 미래로310번길 140
이디야커피,구리벌말점,경기도,구리시,경기도 구리시 벌말로 91
이디야커피,양평파크점,경기도,양평군,경기도 양평군 양평읍 중앙로 208
이디야커피마석중앙점,마석중앙점,경기도,남양주시,경기도 남양주시 화도읍 비룡로 112
이디야커피,마석점,경기도,남양주시,경기도 남양주시 화도읍 비룡로 58
이디야커피,,경기도,고양시 덕양구,경기도 고양시 덕양구 충장로282번길 94-51
이디야커피,광탄점,경기도,파주시,경기도 파주시 광탄면 혜음로 1138
이디야커피,용인고림점,경기도,용인시 처인구,경기도 용인시 처인구 고림로200번길 1
이디야커피,어정역점,경기도,용인시 기흥구,경기도 용인시 기흥구 어정로 139
이디야커피,철산역점,경기도,광명시,경기도 광명시 오리로856번길 6
이디야커피,의왕백운밸리점,경기도,의왕시,경기도 의왕시 백운중앙로 88
이디야파주동패,,경기도,파주시,경기도 파주시 청석로 260
이디야커피,평택포승점,경기도,평택시,경기도 평택시 포승읍 여술로 20
이디야커피,분당아름마을점,경기도,성남시 분당구,경기도 성남시 분당구 판교로 443
이디야커피,고양관산점,경기도,고양시 덕양구,경기도 고양시 덕양구 통일로 774
이디야커피,일산백마점,경기도,고양시 일산동구,경기도 고양시 일산동구 일산로 234
이디야커피,별내북부점,경기도,남양주시,경기도 남양주시 덕송2로10번길 27-12
이디야커피,안양관양시장점,경기도,안양시 동안구,경기도 안양시 동안구 관평로 324
이디야커피,하남미사가로수길점,경기도,하남시,경기도 하남시 미사강변한강로 290
이디야커피,매화마을점,경기도,시흥시,경기도 시흥시 매화1로 12
이디야커피,시흥연꽃마을점,경기도,시흥시,경기도 시흥시 연성로 103
이디야커피,백성병원점,경기도,수원시 팔달구,경기도 수원시 팔달구 인계로 102
이디야커피,,경기도,부천시,경기도 부천시 길주로 307
이디야커피,남양주양지점,경기도,남양주시,경기도 남양주시 오남읍 진건오남로 778
이디야커피,일산가좌마을점,경기도,고양시 일산서구,경기도 고양시 일산서구 가좌4로 2
이디야커피,신현중앙점,경기도,광주시,경기도 광주시 오포읍 문형산길 25
이디야커피,원흥도내점,경기도,고양시 덕양구,경기도 고양시 덕양구 도래울로 34
이디야커피,양주옥정제일점,경기도,양주시,경기도 양주시 옥정동로4길 11
이디야커피,EBS1호점,경기도,고양시 일산동구,경기도 고양시 일산동구 한류월드로 281
이디야커피,운중동점,경기도,성남시 분당구,경기도 성남시 분당구 운중로138번길 38
이디야커피,목현점,경기도,광주시,경기도 광주시 이배재로 304
이디야커피,가평설악중앙점,경기도,가평군,경기도 가평군 설악면 신천중앙로 118
이디야커피,,경기도,성남시 수정구,경기도 성남시 수정구 산성대로269번길 6
52아레테이디야미사센텀비즈점,,경기도,하남시,경기도 하남시 조정대로 45
이디야커피,킨텍스홈플러스점,경기도,고양시 일산서구,경기도 고양시 일산서구 호수로 817
이디야커피,부천강남시장점,경기도,부천시,경기도 부천시 옥산로 158
이디야커피,안산리더스카이점,경기도,안산시 단원구,경기도 안산시 단원구 와동로 125
이디야커피,남양주다산행정복지센터,경기도,남양주시,경기도 남양주시 다산중앙로20번길 10-40
이디야커피,평택안중홈플러스점,경기도,평택시,경기도 평택시 안중읍 서동대로 1489
이디야커피,,경기도,파주시,경기도 파주시 시청로 2
이디야커피,평택세교점,경기도,평택시,경기도 평택시 세교상가5길 9
이디야커피,천천점,경기도,수원시 장안구,경기도 수원시 장안구 만석로19번길 25-5
이디야커피,,경기도,구리시,경기도 구리시 경춘로 249
이디야커피,의정부시민로점,경기도,의정부시,경기도 의정부시 시민로 39
이디야커피,남양주블루웨일점,경기도,남양주시,경기도 남양주시 다산중앙로19번길 21
이디야커피,병점한신점,경기도,화성시,경기도 화성시 병점1로 66-2
이디야점,,경기도,용인시 수지구,경기도 용인시 수지구 성복1로 80
이디야커피,안산반월동점,경기도,안산시 상록구,경기도 안산시 상록구 창말2길 25
이디야커피,부천로점,경기도,부천시,경기도 부천시 부천로 270
이디야커피,의정부금오행정타운점,경기도,의정부시,경기도 의정부시 호국로1519번길 5
이디야커피,하남검단산점,경기도,하남시,경기도 하남시 검단산로 232
이디야커피,가평역점,경기도,가평군,경기도 가평군 가평읍 문화로 13-39
이디야커피,오산홈플러스점,경기도,오산시,경기도 오산시 청학로 238
이디야커피,군포대야미점,경기도,군포시,경기도 군포시 대야1로15번길 5
이디야커피,화성동탄산척점,경기도,화성시,경기도 화성시 동탄순환대로 249
이디야커피,향동중앙점,경기도,고양시 덕양구,경기도 고양시 덕양구 향기로 96
이디야커피,이천가좌로점,경기도,이천시,경기도 이천시 부발읍 가좌로 45
이디야커피,,경기도,안산시 상록구,경기도 안산시 상록구 석호로 107
이디야커피,과천역점,경기도,과천시,경기도 과천시 별양로 164
이디야커피,성남단대점,경기도,성남시 수정구,경기도 성남시 수정구 산성대로 383
이디야커피,하남학암동점,경기도,하남시,경기도 하남시 위례학암로 21
이디야커피,시아테마파크점,경기도,안산시 단원구,경기도 안산시 단원구 광덕1로 276
이디야커피,을지대점,경기도,의정부시,경기도 의정부시 동일로 712
이디야커피,서정리코레일점,경기도,평택시,경기도 평택시 탄현로 51
이디야커피,양주덕계중앙점,경기도,양주시,경기도 양주시 평화로 1491
이디야커피,가평현리점,경기도,가평군,경기도 가평군 조종면 조종희망로 14
이디야커피,,경기도,남양주시,경기도 남양주시 경춘로 433
이디야커피,의정부중앙점,경기도,의정부시,경기도 의정부시 행복로 32-1
이디야커피,봉곡동점,경상남도,창원시 의창구,경상남도 창원시 의창구 원이대로 259
이디야커피,거제아주점,경상남도,거제시,경상남도 거제시 아주1로2길 26-1
이디야커피,남양점,경상남도,창원시 성산구,경상남도 창원시 성산구 대정로 99
이디야커피,소답점,경상남도,창원시 의창구,경상남도 창원시 의창구 읍성로 59
이디야커피,함안점,경상남도,함안군,경상남도 함안군 가야읍 함마대로 1504
이디야커피,김해서부문화센터점,경상남도,김해시,경상남도 김해시 율하2로 218
이디야커피,,경상남도,창녕군,경상남도 창녕군 남지읍 동포옛길 21-44
이디야커피,창원이마트점,경상남도,창원시 성산구,경상남도 창원시 성산구 원이대로 608
이디야커피,,경상남도,진주시,경상남도 진주시 창렬로 111
이디야커피,김해율하카페거리점,경상남도,김해시,경상남도 김해시 율하3로91번길 42-2
이디야커피,김해내동래미안점,경상남도,김해시,경상남도 김해시 구지로 54
이디야커피,진주평거점,경상남도,진주시,경상남도 진주시 평거로 14
이디야커피,진주윙스타워점,경상남도,진주시,경상남도 진주시 동부로169번길 12
이디야커피,김해삼계해반천점,경상남도,김해시,경상남도 김해시 가야로22번길 3-4
이디야커피,사천실안점,경상남도,사천시,경상남도 사천시 해안관광로 21
이디야커피,김해율하원메이저점,경상남도,김해시,경상남도 김해시 율하로 474
이디야커피,마산경남데파트점,경상남도,창원시 마산합포구,경상남도 창원시 마산합포구 315대로 255
이디야커피,양산금산점,경상남도,양산시,경상남도 양산시 동면 금오3길 10
이디야커피,경남거창점,경상남도,거창군,경상남도 거창군 거창읍 강변로 119
이디야커피,마산역광장점,경상남도,창원시,경상남도 창원시 마산회원구 마산역광장로 12-1
이디야커피,시청점,경상남도,밀양시,경상남도 밀양시 시청로1길 4
이디야커피,강남점,경상남도,진주시,경상남도 진주시 진주대로929번길 15
이디야커피,고성점,경상남도,고성군,경상남도 고성군 고성읍 동외로 137
이디야커피,대안점,경상남도,진주시,경상남도 진주시 촉석로186번길 6-1
이디야커피,김해경원고교점,경상남도,김해시,경상남도 김해시 우암로 21-1
이디야커피,,경상남도,창원시 진해구,경상남도 창원시 진해구 진해대로 762
이디야커피,거제계룡점,경상남도,거제시,경상남도 거제시 계룡로 62
이디야커피,김해강일병원점,경상남도,김해시,경상남도 김해시 가락로 359
이디야커피,삼천포점,경상남도,사천시,경상남도 사천시 동금2길 31
이디야커피,창원홈플러스점,경상남도,창원시 의창구,경상남도 창원시 의창구 창원대로 415
이디야커피,마산삼계점,경상남도,창원시 마산회원구,경상남도 창원시 마산회원구 내서읍 삼계로 45-1
이디야커피,진주이현동점,경상남도,진주시,경상남도 진주시 진주대로 1317-15
이디야커피,마산고속버스터미널점,경상남도,창원시 마산회원구,경상남도 창원시 마산회원구 합포로 292
이디야커피창녕점,창녕점,경상남도,창녕군,경상남도 창녕군 창녕읍 화왕산로 50
이디야커피,,경상남도,김해시,경상남도 김해시 김해대로 2181
이디야커피,김해구산점,경상남도,김해시,경상남도 김해시 김해대로 1970-1
이디야커피,양산남부점,경상남도,양산시,경상남도 양산시 삼일로 67
이디야커피,중곡점,경상남도,거제시,경상남도 거제시 중곡로3길 28
이디야커피,창원감계점,경상남도,창원시 의창구,경상남도 창원시 의창구 북면 감계로110번길 11-4
이디야커피,창원귀산점,경상남도,창원시 성산구,경상남도 창원시 성산구 삼귀로 193-5
이디야커피,김해동서남북점,경상남도,김해시,경상남도 김해시 해반천로 32
이디야커피,창원경남도청점,경상남도,창원시 의창구,경상남도 창원시 의창구 상남로 250
이디야커피,마산불종거리점,경상남도,창원시 마산합포구,경상남도 창원시 마산합포구 불종거리로 27
이디야커피,가음로점,경상남도,창원시 성산구,경상남도 창원시 성산구 가음로 107
이디야커피,삼문동점,경상남도,밀양시,경상남도 밀양시 미리벌로2길 20
이디야커피,경남대점,경상남도,창원시 마산합포구,경상남도 창원시 마산합포구 월영동서로 20
이디야커피,김해아이스퀘어점,경상남도,김해시,경상남도 김해시 김해대로 2326
이디야커피덕계점,덕계점,경상남도,양산시,경상남도 양산시 덕계로 76
이디야커피,진해중앙점,경상남도,창원시 진해구,경상남도 창원시 진해구 충장로 94
이디야커피,상북점,경상남도,양산시,경상남도 양산시 상북면 반회서5길 7
이디야커피,외동사거리점,경상남도,김해시,경상남도 김해시 금관대로 1165
이디야커피,삼계동점,경상남도,김해시,경상남도 김해시 해반천로144번길 35-19
이디야커피,창원대중앙점,경상남도,창원시 의창구,경상남도 창원시 의창구 용동로83번안길 36
이디야커피,김해진영본산점,경상남도,김해시,경상남도 김해시 진영읍 본산로 27-18
이디야커피,반림점,경상남도,창원시 성산구,경상남도 창원시 성산구 원이대로473번길 19-9
이디야커피,진주혁신소호점,경상남도,진주시,경상남도 진주시 범골로54번길 17
이디야커피,김해여고점,경상남도,김해시,경상남도 김해시 구지로 158
이디야커피,거제고현중앙점,경상남도,거제시,경상남도 거제시 거제중앙로24길 13
이디야커피,금산점,경상남도,진주시,경상남도 진주시 금산면 중천로 83
이디야커피,한림점,경상남도,김해시,경상남도 김해시 한림면 김해대로 1464
이디야커피,김해시청점,경상남도,김해시,경상남도 김해시 호계로422번길 16
이디야커피김해부원동점,김해부원동점,경상남도,김해시,경상남도 김해시 가락로 19
이디야커피,창원남산로점,경상남도,창원시 의창구,경상남도 창원시 의창구 남산로 87
이디야커피,양산서창점,경상남도,양산시,경상남도 양산시 삼호1길 41
이디야커피,,경상남도,창원시 진해구,경상남도 창원시 진해구 충장로657번길 30
이디야커피,산청신안점,경상남도,산청군,경상남도 산청군 신안면 지리산대로 3465
이디야커피,창원팔용점,경상남도,창원시 의창구,경상남도 창원시 의창구 팔용로443번길 4
이디야커피,창원남산터미널점,경상남도,창원시 성산구,경상남도 창원시 성산구 정동로162번길 57
이디야커피,남해점,경상남도,남해군,경상남도 남해군 남해읍 화전로78번길 5
이디야커피,지내동점,경상남도,김해시,경상남도 김해시 분성로727번길 2
이디야커피,마산진동점,경상남도,창원시 마산합포구,경상남도 창원시 마산합포구 진동면 삼진의거대로 619
이디야커피,김해터미널점,경상남도,김해시,경상남도 김해시 김해대로 2232
이디야커피,갑오점,경상남도,김해시,경상남도 김해시 계동로 159
이디야커피,흥동점,경상남도,김해시,경상남도 김해시 흥동로 43
이디야커피,밀양내이동점,경상남도,밀양시,경상남도 밀양시 중앙로 381
이디야커피,합천롯데슈퍼점,경상남도,합천군,경상남도 합천군 대양면 동부로 32-7
이디야커피,장평점,경상남도,거제시,경상남도 거제시 장평로 20
이디야커피,진해동부도서관점,경상남도,창원시 진해구,경상남도 창원시 진해구 용원중로30번길 6-1
이디야커피,거제서정점,경상남도,거제시,경상남도 거제시 거제면 거제남서로 3471
이디야커피,어방점,경상남도,김해시,경상남도 김해시 인제로 89
이디야커피,진주충무공동점,경상남도,진주시,경상남도 진주시 사들로156번길 7
이디야커피창원시민체육관점,창원시민체육관점,경상남도,창원시 성산구,경상남도 창원시 성산구 원이대로682번길 14
이디야커피,사천사주리점,경상남도,사천시,경상남도 사천시 정동면 진삼로 1414
이디야커피,,경상남도,창원시 마산합포구,경상남도 창원시 마산합포구 315대로 156
이디야커피,통영죽림점,경상남도,통영시,경상남도 통영시 광도면 죽림해안로 64-6
이디야커피,마산어시장점,경상남도,창원시 마산합포구,경상남도 창원시 마산합포구 해안대로 331
이디야커피,진주평거판문점,경상남도,진주시,경상남도 진주시 진양호로28번길 21
이디야커피,진주신안동점,경상남도,진주시,경상남도 진주시 진양호로 278
이디야커피,진주홈플러스점,경상남도,진주시,경상남도 진주시 대신로 304
이디야창원이마트,,경상남도,창원시 성산구,경상남도 창원시 성산구 원이대로 608
이디야커피,진영캐스빌점,경상남도,김해시,경상남도 김해시 진영읍 진산대로 63-31
이디야커피,진영점,경상남도,김해시,경상남도 김해시 진영읍 김해대로407번길 30
이디야커피,창원반지동점,경상남도,창원시 성산구,경상남도 창원시 성산구 원이대로393번길 21
이디야커피,,경상남도,함양군,경상남도 함양군 함양읍 필봉산길 46
이디야커피,김해가야대점,경상남도,김해시,경상남도 김해시 삼계로 205
이디야커피,마산내서중리점,경상남도,창원시 마산회원구,경상남도 창원시 마산회원구 내서읍 중리2길 47
이디야커피,,경상남도,거제시,경상남도 거제시 옥포성안로 27
이디야커피,밀양삼랑진점,경상남도,밀양시,경상남도 밀양시 삼랑진읍 천태로 12
이디야커피,진영여래점,경상남도,김해시,경상남도 김해시 진영읍 진영로 286-5
이디야커피,김해관동점,경상남도,김해시,경상남도 김해시 덕정로 135
이디야커피,창원법원점,경상남도,창원시 성산구,경상남도 창원시 성산구 창이대로706번길 4-24
이디야커피,과기대점,경상남도,진주시,경상남도 진주시 강남로167번길 10
이디야커피,봉림동점,경상남도,창원시 의창구,경상남도 창원시 의창구 대봉로26번길 4-5
이디야커피,양산덕계점,경상남도,양산시,경상남도 양산시 덕계로 61
이디야커피,진해남문점,경상남도,창원시 진해구,경상남도 창원시 진해구 남영로 64
이디야커피,거제고현점,경상남도,거제시,경상남도 거제시 거제중앙로29길 13
이디야커피,양산소주점,경상남도,양산시,경상남도 양산시 소주회야로 45-40
이디야커피,창원상남중앙점,경상남도,창원시 성산구,경상남도 창원시 성산구 마디미로4번길 5
이디야커피,창원대원점,경상남도,창원시 의창구,경상남도 창원시 의창구 두대로 43
이티엔커머스이디야,밀양가곡점,경상남도,밀양시,경상남도 밀양시 가곡4길 15
이디야커피,양산범어점,경상남도,양산시,경상남도 양산시 물금읍 화합4길 6-1
이디야커피개양오거리점,개양오거리점,경상남도,진주시,경상남도 진주시 가좌길 74
이디야커피,율하중앙점,경상남도,김해시,경상남도 김해시 율하3로 38
이디야커피,김해대청동점,경상남도,김해시,경상남도 김해시 번화1로44번길 20
이디야커피,장대동점,경상남도,진주시,경상남도 진주시 남강로 690
이디야커피,호탄동점,경상남도,진주시,경상남도 진주시 강변길 5
이디야커피,창원시티세븐점,경상남도,창원시 의창구,경상남도 창원시 의창구 원이대로 320
이디야커피,김해대청계곡점,경상남도,김해시,경상남도 김해시 대청계곡길 176
이디야커피,크리스탈점,경상남도,진주시,경상남도 진주시 에나로77번길 4
이디야커피,진주상대동점,경상남도,진주시,경상남도 진주시 동진로216번길 5
이디야커피,김해젤미마을점,경상남도,김해시,경상남도 김해시 번화1로80번길 5
이디야커피,밀양가곡점,경상남도,밀양시,경상남도 밀양시 가곡4길 15
이디야커피,거제상동점,경상남도,거제시,경상남도 거제시 상동5길 25
이디야커피,진해자은동점,경상남도,창원시 진해구,경상남도 창원시 진해구 냉천로 235
이디야커피,매곡점,경상남도,양산시,경상남도 양산시 외산길 47
이디야커피,창원광장햇살점,경상남도,창원시 성산구,경상남도 창원시 성산구 마디미로64번길 13
이디야커피덕곡점덕곡점,덕곡점,경상북도,김천시,경상북도 김천시 영남대로 2010
이디야커피,칠곡석적점,경상북도,칠곡군,경상북도 칠곡군 석적읍 북중리12길 2
이디야커피,구미인동점,경상북도,구미시,경상북도 구미시 인동가산로 14
이디야커피,,경상북도,칠곡군,경상북도 칠곡군 석적읍 석적로 939
이디야커피,안동홈플러스점,경상북도,안동시,경상북도 안동시 경동로 656
이디야커피,황성동점,경상북도,경주시,경상북도 경주시 용담로 92
이디야커피,선린병원점,경상북도,포항시 북구,경상북도 포항시 북구 대신로 43
이디야커피,문경새재점,경상북도,문경시,경상북도 문경시 문경읍 새재로 908
이디야커피,경주보문지티랜드점,경상북도,경주시,경상북도 경주시 엑스포로 58
이디야커피,경산중산점,경상북도,경산시,경상북도 경산시 펜타힐즈2로 25
이디야커피,경주동국대병원점,경상북도,경주시,경상북도 경주시 동대로 87
이디야커피,경주성동중앙점,경상북도,경주시,경상북도 경주시 원화로 287
이디야커피,경주홈플러스점,경상북도,경주시,경상북도 경주시 공단로 97
이디야커피,구미봉곡점,경상북도,구미시,경상북도 구미시 야은로 299
이디야커피,울진북면점,경상북도,울진군,경상북도 울진군 북면 울진북로 2094
이디야커피,포항죽도시장점,경상북도,포항시 북구,경상북도 포항시 북구 죽도시장길 24
이디야커피,경주용황점,경상북도,경주시,경상북도 경주시 용황로7길 19
이디야커피,경주북군점,경상북도,경주시,경상북도 경주시 북군3길 9-2
이디야커피,구미도량롯데캐슬점,경상북도,구미시,경상북도 구미시 문장로 111
이디야커피,양덕점,경상북도,포항시 북구,경상북도 포항시 북구 천마로 66
이디야커피,신음사거리점,경상북도,김천시,경상북도 김천시 부거리길 8
이디야커피,공원점,경상북도,청송군,경상북도 청송군 부동면 공원길 162
이디야커피,문경점촌역점,경상북도,문경시,경상북도 문경시 신흥로 163
이디야커피,경산하양금락점,경상북도,경산시,경상북도 경산시 하양읍 대학로295길 14
이디야커피,경산오거리점,경상북도,경산시,경상북도 경산시 경안로 186
이디야커피,경산롯데시네마점,경상북도,경산시,경상북도 경산시 경안로65길 5-8
이디야커피,학산점,경상북도,포항시 북구,경상북도 포항시 북구 학산로11번길 8-1
이디야커피,안동송현점,경상북도,안동시,경상북도 안동시 송현길 154-19
이디야커피,고령점,경상북도,고령군,경상북도 고령군 대가야읍 우륵로 16-1
이디야커피,구미역점,경상북도,구미시,경상북도 구미시 구미중앙로 84
이디야커피,영주가흥사거리점,경상북도,영주시,경상북도 영주시 대학로 221
이디야커피,안동상록점,경상북도,안동시,경상북도 안동시 풍천면 검무로 46
이디야커피,안동강남점,경상북도,안동시,경상북도 안동시 강남5길 35
이디야커피,구미옥계동점,경상북도,구미시,경상북도 구미시 산호대로23길 35
이디야커피,안동상록점,경상북도,안동시,경상북도 안동시 풍천면 검무로 48
이디야커피,김천혁신도시점,경상북도,김천시,경상북도 김천시 혁신3로 26
이디야커피,구미금오산점,경상북도,구미시,경상북도 구미시 금오산로 180
이디야커피,인동중앙점,경상북도,구미시,경상북도 구미시 인동중앙로6길 39
이디야커피,경주안강점,경상북도,경주시,경상북도 경주시 안강읍 안강중앙로 184
이디야커피,구미시청점,경상북도,구미시,경상북도 구미시 송원서로 29
이디야커피,영주역점,경상북도,영주시,경상북도 영주시 대학로 3
이디야커피,포항우현동점,경상북도,포항시 북구,경상북도 포항시 북구 우창동로21번길 6
이디야커피,천북산업단지점,경상북도,경주시,경상북도 경주시 천북면 천북산단로 155
이디야커피,상주시청점,경상북도,상주시,경상북도 상주시 상산로 243-1
이디야커피경주황성유림점,경주황성유림점,경상북도,경주시,경상북도 경주시 용담로92번길 68
이디야커피,구미황상점,경상북도,구미시,경상북도 구미시 검성로 42-3
이디야커피,포항이동골프점,경상북도,포항시 남구,경상북도 포항시 남구 희망대로 614
이디야커피,메트로시티점,경상북도,포항시 북구,경상북도 포항시 북구 창흥로 30
이디야커피,경주건천점,경상북도,경주시,경상북도 경주시 건천읍 건천천남길 12
이디야커피,경북하양점,경상북도,경산시,경상북도 경산시 하양읍 문화로 3
이디야커피,영남대점,경상북도,경산시,경상북도 경산시 청운로 18
이디야커피,,경상북도,포항시 남구,경상북도 포항시 남구 중섬로 10
이디야커피경북성주점,경북성주점,경상북도,성주군,경상북도 성주군 성주읍 성주로 3216-1
이디야커피,칠곡북삼서희점,경상북도,칠곡군,경상북도 칠곡군 북삼읍 인강1길 60
이디야커피,영천우로지점,경상북도,영천시,경상북도 영천시 언하공단로 91-12
이디야커피,예천하나로마트신도청점,경상북도,예천군,경상북도 예천군 호명면 수변로 77
이디야커피,영천장천점,경상북도,영천시,경상북도 영천시 장천길 9
이디야커피,포항양학점,경상북도,포항시 북구,경상북도 포항시 북구 양학로17번길 5
이디야커피,용흥점,경상북도,포항시 북구,경상북도 포항시 북구 대안길 56
이디야커피,포항한동대점,경상북도,포항시 북구,경상북도 포항시 북구 흥해읍 한동로 558
이디야커피,경주알천점,경상북도,경주시,경상북도 경주시 탈해로52번길 15
이디야커피,포항법원점,경상북도,포항시 북구,경상북도 포항시 북구 법원로 177
이디야커피,강동점,경상북도,경주시,경상북도 경주시 승삼북길 27
이디야커피,문경시청점,경상북도,문경시,경상북도 문경시 당교로 243-1
이디야커피,,경상북도,경주시,경상북도 경주시 충효녹지길 58-2
이디야커피경주안강점,경주안강점,경상북도,경주시,경상북도 경주시 안강읍 안강중앙로 184
이디야커피,영덕영해점,경상북도,영덕군,경상북도 영덕군 영해면 318만세길 148-1
이디야커피,상주이마트점,경상북도,상주시,경상북도 상주시 경상대로 3141
이디야커피,경주입실점,경상북도,경주시,경상북도 경주시 외동읍 산업로 2183
이디야커피,,경상북도,문경시,경상북도 문경시 당교로 237
EDIYACOFFEE에스프레소,,경상북도,포항시 북구,경상북도 포항시 북구 흥해읍 포항역로 1
이디야커피,구미구평점,경상북도,구미시,경상북도 구미시 인동43길 5-7
이디야커피동천현대점,동천현대점,경상북도,경주시,경상북도 경주시 동천로49번길 3
이디야커피,남율리점,경상북도,칠곡군,경상북도 칠곡군 석적읍 남율로5길 49-14
이디야커피,울진군청점,경상북도,울진군,경상북도 울진군 울진읍 읍내8길 5
이디야커피,황성유림점,경상북도,경주시,경상북도 경주시 용담로92번길 66
이디야커피,경주황성휴포레점,경상북도,경주시,경상북도 경주시 유림로13번길 19
이디야커피,포항화진점,경상북도,포항시 북구,경상북도 포항시 북구 송라면 동해대로3378번길 2
이디야커피,,경상북도,경주시,경상북도 경주시 보문로 465-67
이디야커피,청도프로방스점,경상북도,청도군,경상북도 청도군 화양읍 이슬미로 321
이디야커피,경산사동점,경상북도,경산시,경상북도 경산시 백자로 117
이디야커피,경주동문로점,경상북도,경주시,경상북도 경주시 동문로 91
이디야커피,정평점,경상북도,경산시,경상북도 경산시 대학로13길 89
이디야커피,진량점,경상북도,경산시,경상북도 경산시 진량읍 공단로 479
이디야커피,차병원점,경상북도,구미시,경상북도 구미시 신시로10길 12
이디야커피,금장점,경상북도,경주시,경상북도 경주시 현곡면 용담로 181
이디야커피,포항오천점,경상북도,포항시 남구,경상북도 포항시 남구 오천읍 원동로 20
이디야커피,숍한마당체육관점,경상북도,포항시 남구,경상북도 포항시 남구 지곡로212번길 33
이디야커피,칠곡왜관점,경상북도,칠곡군,경상북도 칠곡군 왜관읍 달오1길 14-12
이디야커피,구미확장단지점,경상북도,구미시,경상북도 구미시 산동면 신당2로 29
이디야커피,포항종합운동장점,경상북도,포항시 남구,경상북도 포항시 남구 희망대로 811
이디야커피,경북영덕점,경상북도,영덕군,경상북도 영덕군 영덕읍 중앙길 96
이디야커피,경주석장점,경상북도,경주시,경상북도 경주시 석장길 59-2
이디야커피,구미도량롯데캐슬점,경상북도,구미시,경상북도 구미시 문장로 91
이디야커피,구미진평점,경상북도,구미시,경상북도 구미시 인동34길 22
이디야커피,포항오광장점,경상북도,포항시 북구,경상북도 포항시 북구 중흥로 173
이디야커피,경주점,경상북도,경주시,경상북도 경주시 화랑로 95
이디야커피,울진후포스카이워크점,경상북도,울진군,경상북도 울진군 후포면 울진대게로 243
이디야커피,,경상북도,안동시,경상북도 안동시 광명로 189
이디야커피,구미비산점,경상북도,구미시,경상북도 구미시 비산로3길 33-21
이디야커피,불국점,경상북도,경주시,경상북도 경주시 산업로 2984
이디야커피,광주수완중앙점,광주광역시,광산구,광주광역시 광산구 수완로 16
이디야커피,광주진월점,광주광역시,남구,광주광역시 남구 광복마을길 97-1
이디야커피,광주효천점,광주광역시,남구,광주광역시 남구 효우2로26번길 7
이디야커피,광주매월점,광주광역시,서구,광주광역시 서구 화개중앙로87번길 6
이디야커피,광주말바우점,광주광역시,북구,광주광역시 북구 서방로107번길 37
이디야커피,광주용산점,광주광역시,동구,광주광역시 동구 용산2길 5
이디야커피,광주수완장덕점,광주광역시,광산구,광주광역시 광산구 장신로 81
이디야커피,풍암점,광주광역시,서구,광주광역시 서구 풍암2로 20
이디야커피,광주하남CGV점,광주광역시,광산구,광주광역시 광산구 용아로400번길 30
이디야커피,광주연제점,광주광역시,북구,광주광역시 북구 양일로 58
이디야커피,광주무역회관점,광주광역시,광산구,광주광역시 광산구 무진대로 282
이디야커피,광주수완신가점,광주광역시,광산구,광주광역시 광산구 수등로94번길 8-5
이디야커피,광주화정점,광주광역시,서구,광주광역시 서구 화운로83번길 25
이디야커피,광주학동점,광주광역시,동구,광주광역시 동구 남문로 760
이디야커피,,광주광역시,북구,광주광역시 북구 양산택지로 58
이디야커피,광주동천점,광주광역시,서구,광주광역시 서구 하남대로 656
이디야커피,광주우산사암로점,광주광역시,광산구,광주광역시 광산구 사암로106번길 119
이디야커피,광주유스퀘어점,광주광역시,서구,광주광역시 서구 무진대로 904
이디야커피,광주첨단월계점,광주광역시,광산구,광주광역시 광산구 첨단중앙로 102
이디야커피,광주금호운천점,광주광역시,서구,광주광역시 서구 운천로 129
이디야커피,광주쌍촌호반점,광주광역시,서구,광주광역시 서구 상일로 53
이디야커피,유덕점,광주광역시,서구,광주광역시 서구 칠성로 49
이디야커피,광주대호심관점,광주광역시,남구,광주광역시 남구 효덕로 277
이디야커피,동광주점,광주광역시,북구,광주광역시 북구 동문대로180번길 5
이디야커피,,광주광역시,북구,광주광역시 북구 대천로 124-11
이디야커피,광주그랜드센트럴점,광주광역시,동구,광주광역시 동구 경양로 234
이디야커피,광주상무롯데마트점,광주광역시,서구,광주광역시 서구 시청로 40
이디야커피,운남삼성점,광주광역시,광산구,광주광역시 광산구 임방울대로 142-10
이디야커피,광주봉선점,광주광역시,남구,광주광역시 남구 봉선중앙로 61
이디야커피,하남3지구점,광주광역시,광산구,광주광역시 광산구 하남울로12번하길 10
이디야커피,광주하남2지구점,광주광역시,광산구,광주광역시 광산구 손재로110번길 45
이디야커피,평동역점,광주광역시,광산구,광주광역시 광산구 평동로 851
이디야커피,광주쌍촌엘리체점,광주광역시,서구,광주광역시 서구 상무대로955번길 30-15
이디야커피,,광주광역시,북구,광주광역시 북구 설죽로315번길 37
이디야커피,광주운암중앙점,광주광역시,북구,광주광역시 북구 북문대로 167
이디야커피,광주서방지오점,광주광역시,북구,광주광역시 북구 서암대로 315
이디야커피,광주화정현대점,광주광역시,서구,광주광역시 서구 군분로139번길 17
이디야커피,광주송정DI점,광주광역시,광산구,광주광역시 광산구 상무대로 277-1
이디야커피,광주수완은빛점,광주광역시,광산구,광주광역시 광산구 임방울대로332번길 29
이디야커피,광주두암센트럴점,광주광역시,북구,광주광역시 북구 군왕로 51
이디야커피,광주화정중앙점,광주광역시,서구,광주광역시 서구 상무대로1066번길 1
이디야커피,광주소촌점,광주광역시,광산구,광주광역시 광산구 소촌로 92
이디야커피,광주봉선주월점,광주광역시,남구,광주광역시 남구 봉선로 34
케이디야스텍,,광주광역시,광산구,광주광역시 광산구 첨단강변로87번길 5
이디야커피,광주첨단지식산업센터점,광주광역시,북구,광주광역시 북구 첨단과기로208번길 49
이디야커피,COFFEE,광주광역시,광산구,광주광역시 광산구 장신로 326
이디야커피,,광주광역시,남구,광주광역시 남구 봉선로 184
이디야커피,수완점,광주광역시,광산구,광주광역시 광산구 장덕로 48
이디야커피,광주매월점,광주광역시,서구,광주광역시 서구 회재로 845
이디야광주송정코레일,,광주광역시,광산구,광주광역시 광산구 상무대로 201
이디야커피,광주동림하늘채점,광주광역시,북구,광주광역시 북구 동배마을길 28
이디야커피,첨단쌍암점,광주광역시,광산구,광주광역시 광산구 월계로 223-13
이디야커피,매곡2호점,광주광역시,북구,광주광역시 북구 서하로106번길 6
이디야커피,,광주광역시,남구,광주광역시 남구 효천2로가길 11-1
이디야커피,광주상무중앙점,광주광역시,서구,광주광역시 서구 치평로 76
이디야커피,학운점,광주광역시,동구,광주광역시 동구 의재로 46
이디야커피,광주운남점,광주광역시,광산구,광주광역시 광산구 목련로273번안길 17
이디야커피,용봉비엔날레점,광주광역시,북구,광주광역시 북구 비엔날레로 101
이디야커피,오치점,광주광역시,북구,광주광역시 북구 설죽로 342
이디야커피,,광주광역시,남구,광주광역시 남구 백운로 73
이디야커피,대구범어두레점,대구광역시,수성구,대구광역시 수성구 달구벌대로496길 72
이디야커피,대구범어점,대구광역시,수성구,대구광역시 수성구 국채보상로 856
이디야커피,대구옥포점,대구광역시,달성군,대구광역시 달성군 옥포면 돌미로 73
이디야커피대구종로점,대구종로점,대구광역시,중구,대구광역시 중구 종로 17
이디야커피,대구파티마병원점,대구광역시,동구,대구광역시 동구 아양로 81
이디야커피,대구반야월점,대구광역시,동구,대구광역시 동구 반야월로 369
이디야커피,대구대신중앙점,대구광역시,중구,대구광역시 중구 달구벌대로 1943
이디야커피,대구동성로중앙점,대구광역시,중구,대구광역시 중구 동성로3길 95
이디야커피,대구성서운동장점,대구광역시,달서구,대구광역시 달서구 선원로23길 5
이디야커피,대구현풍케이스마트,대구광역시,달성군,대구광역시 달성군 유가읍 테크노순환로4길 8
이디야커피,대구황금롯데캐슬점,대구광역시,수성구,대구광역시 수성구 청수로45길 37
이디야커피,국립대구박물관점,대구광역시,수성구,대구광역시 수성구 청호로 321
이디야커피,대구화원역점,대구광역시,달성군,대구광역시 달성군 화원읍 비슬로 2593
이디야커피,대구칠호광장점,대구광역시,달서구,대구광역시 달서구 당산로38길 26
이디야커피,대구죽곡점,대구광역시,달성군,대구광역시 달성군 다사읍 대실역북로1길 15-3
이디야커피,동대구환승센터점,대구광역시,동구,대구광역시 동구 동부로 156
이디야커피,대구신월성점,대구광역시,달서구,대구광역시 달서구 조암로 16
이디야커피,범어엔타워점,대구광역시,수성구,대구광역시 수성구 상록로 7
이디야커피,장기점,대구광역시,달서구,대구광역시 달서구 장기로 262
이디야커피,대구진천점,대구광역시,달서구,대구광역시 달서구 상화로 165-1
이디야커피,대명점,대구광역시,남구,대구광역시 남구 현충로 107
이디야커피,대구복현오거리점,대구광역시,북구,대구광역시 북구 공항로 11
이디야커피,대구하중도점,대구광역시,북구,대구광역시 북구 노곡로 18
이디야커피,대구팔달시장점,대구광역시,북구,대구광역시 북구 팔달로35길 20
이디야커피,대구성서계명대점,대구광역시,달서구,대구광역시 달서구 계대동문로 7
이디야커피,대구현풍로점,대구광역시,달성군,대구광역시 달성군 유가면 현풍로 198
이디야커피대구송현점,대구송현점,대구광역시,달서구,대구광역시 달서구 월배로 379
이디야커피,만경관점,대구광역시,중구,대구광역시 중구 국채보상로 551
이디야커피,대구중구청점,대구광역시,중구,대구광역시 중구 국채보상로 694
이디야커피,대구월광수변공원점,대구광역시,달서구,대구광역시 달서구 수밭길 1
이디야커피대명동점,대명동점,대구광역시,남구,대구광역시 남구 현충로 105
이디야커피대구봉덕점,대구봉덕점,대구광역시,남구,대구광역시 남구 이천로 20
이디야커피,동대구역사점,대구광역시,동구,대구광역시 동구 동대구로 550
이디야커피,이천점,대구광역시,남구,대구광역시 남구 희망로 50
이디야커피,,대구광역시,중구,대구광역시 중구 동덕로 194
이디야커피,대구시민운동장점,대구광역시,북구,대구광역시 북구 침산로 38-1
이디야커피,대구텍스빌점,대구광역시,북구,대구광역시 북구 유통단지로 60
이디야커피,대구테크노폴리스점,대구광역시,달성군,대구광역시 달성군 유가면 테크노상업로 108
이디야커피,대구보건대입구점,대구광역시,북구,대구광역시 북구 영송로 4
이디야커피,이노밸리점,대구광역시,동구,대구광역시 동구 경안로 855
이디야이마트,,대구광역시,북구,대구광역시 북구 침산로 93
이디야커피,대구월배점,대구광역시,달서구,대구광역시 달서구 진천로16길 39
이디야커피,대구교대점,대구광역시,남구,대구광역시 남구 중앙대로 219-1
이디야커피,경북대병원점,대구광역시,중구,대구광역시 중구 동덕로 131
이디야커피,대구영대병원점,대구광역시,남구,대구광역시 남구 명덕시장길 52
이디야커피,대구성서점,대구광역시,달서구,대구광역시 달서구 이곡동로 55
이디야커피,대구동촌유원지점,대구광역시,동구,대구광역시 동구 효동로6길 84-8
이디야커피,대구대실역점,대구광역시,달성군,대구광역시 달성군 다사읍 대실역남로 16
이디야커피,대구구지점,대구광역시,달성군,대구광역시 달성군 구지면 과학마을로4길 4
이디야커피,대구서재미르점,대구광역시,달성군,대구광역시 달성군 다사읍 서재로 121
이디야커피,대구범어경신점,대구광역시,수성구,대구광역시 수성구 청호로 423
이디야커피,대구성서홈플러스점,대구광역시,달서구,대구광역시 달서구 달구벌대로 1467
이디야커피,대구만촌점,대구광역시,수성구,대구광역시 수성구 교학로 46
이디야커피,대구수성알파시티점,대구광역시,수성구,대구광역시 수성구 시지로 22
이디야커피,대구신암로점,대구광역시,북구,대구광역시 북구 신암로 111
이디야커피,대구서구청점,대구광역시,서구,대구광역시 서구 국채보상로 250
이디야커피,대구호산동점,대구광역시,달서구,대구광역시 달서구 달구벌대로199길 24
이디야커피,,대구광역시,동구,대구광역시 동구 아양로 28
이디야커피,칠곡3지구점,대구광역시,북구,대구광역시 북구 동천로 120
이디야커피,대구각산역점,대구광역시,동구,대구광역시 동구 금강로 5
이디야커피,대구광장코아점,대구광역시,서구,대구광역시 서구 달구벌대로 1703
이디야커피,대구이곡점,대구광역시,달서구,대구광역시 달서구 이곡서로 11
이디야커피,수성못점,대구광역시,수성구,대구광역시 수성구 수성못길 10
이디야커피,대구유천점,대구광역시,달서구,대구광역시 달서구 조암로 149
이디야커피,대전터미널점,대전광역시,동구,대전광역시 동구 동서대로 1689
이디야커피,수통골점,대전광역시,유성구,대전광역시 유성구 수통골로 91
이디야커피,유성홈플러스점,대전광역시,유성구,대전광역시 유성구 한밭대로 502
이디야커피,대전복수동점,대전광역시,서구,대전광역시 서구 복수동로 44
이디야커피,유성온천점,대전광역시,유성구,대전광역시 유성구 계룡로 92
이디야커피,대전송촌동점,대전광역시,대덕구,대전광역시 대덕구 선비마을로 14
이디야커피,대전SK점,대전광역시,서구,대전광역시 서구 문정로 37
이디야커피,관저제일,대전광역시,서구,대전광역시 서구 관저동로73번길 15-4
이디야커피,연구단지점,대전광역시,유성구,대전광역시 유성구 대덕대로 594
이디야커피,대전노은3동,대전광역시,유성구,대전광역시 유성구 지족동로 152
이디야커피,대전신탄진점,대전광역시,대덕구,대전광역시 대덕구 신탄진로 800
이디야커피,충대정문점,대전광역시,유성구,대전광역시 유성구 한밭대로 404
이디야커피,대전둔산제일학원점,대전광역시,서구,대전광역시 서구 둔산서로 29
이디야커피,대전반석역점,대전광역시,유성구,대전광역시 유성구 반석로 7
이디야커피,,대전광역시,서구,대전광역시 서구 문정로 41
이디야커피,을지병원점,대전광역시,서구,대전광역시 서구 둔산로51번길 80
이디야커피,대전수통골점,대전광역시,유성구,대전광역시 유성구 수통골로55번길 86
이디야커피,대전둔산갤러리아점,대전광역시,서구,대전광역시 서구 둔산로31번길 77
이디야커피,충남대점,대전광역시,유성구,대전광역시 유성구 궁동로18번길 14
이디야커피,대전가오점,대전광역시,동구,대전광역시 동구 대전로 400
이디야커피프렌차이즈,프렌차이즈,대전광역시,유성구,대전광역시 유성구 관들4길 34-2
이디야커피,대전목상점,대전광역시,대덕구,대전광역시 대덕구 대덕대로1458번길 46
이디야커피,대전가수원동점,대전광역시,서구,대전광역시 서구 도안동로11번길 28
이디야커피,대전유천동점,대전광역시,중구,대전광역시 중구 계백로 1597
이디야커피,대전관저동점,대전광역시,서구,대전광역시 서구 도안대로 25
이디야커피,,대전광역시,유성구,대전광역시 유성구 북유성대로488번길 160
이디야커피,도안신도시점,대전광역시,서구,대전광역시 서구 원도안로207번길 8-4
이디야커피,대전청사점,대전광역시,서구,대전광역시 서구 둔산중로134번길 21
이디야커피,대전갈마동점,대전광역시,서구,대전광역시 서구 신갈마로 203
이디야커피,대전어은동점,대전광역시,유성구,대전광역시 유성구 어은로48번길 16
이디야커피,대전천근오거리점,대전광역시,중구,대전광역시 중구 천근로19번길 5
이디야커피,송강점,대전광역시,유성구,대전광역시 유성구 구즉로 65
이디야커피,대전세이브존점,대전광역시,서구,대전광역시 서구 둔산로 201
이디야커피,대전도마사거리점,대전광역시,서구,대전광역시 서구 도산로 41
이디야커피,대전문화홈플러스점,대전광역시,중구,대전광역시 중구 계백로 1690
이디야커피,반송도서관점,부산광역시,해운대구,부산광역시 해운대구 아랫반송로 25
이디야커피,부산다대포점,부산광역시,사하구,부산광역시 사하구 다대로 682
이디야커피,부산초량역점,부산광역시,동구,부산광역시 동구 중앙대로274번길 7-3
이디야커피,장림점,부산광역시,사하구,부산광역시 사하구 장림번영로 84
이디야커피,대연황령점,부산광역시,남구,부산광역시 남구 황령대로319번가길 158-7
이디야커피수영현대점,수영현대점,부산광역시,수영구,부산광역시 수영구 구락로10번길 23
이디야커피,,부산광역시,중구,부산광역시 중구 해관로 66-1
이디야커피,부산동의과학대점,부산광역시,부산진구,부산광역시 부산진구 양지로 54
이디야커피,명륜역점,부산광역시,동래구,부산광역시 동래구 온천장로 11
이디야커피,구포역점,부산광역시,북구,부산광역시 북구 구포만세길 115
이디야커피,부민동아대점,부산광역시,서구,부산광역시 서구 구덕로 212
이디야커피,부산해운대홈플러스점,부산광역시,해운대구,부산광역시 해운대구 해운대해변로 140
이디야커피,부산과기대점,부산광역시,북구,부산광역시 북구 시랑로132번길 73
이디야커피,문현베스티움점,부산광역시,남구,부산광역시 남구 고동골로 29
이디야커피,부산큰솔2병원점,부산광역시,사상구,부산광역시 사상구 학장로 189
이디야커피,부산명륜초교점,부산광역시,동래구,부산광역시 동래구 충렬대로237번길 143
이디야커피,부산초읍점,부산광역시,부산진구,부산광역시 부산진구 성지로 104
이디야커피,부산금정초교점,부산광역시,금정구,부산광역시 금정구 식물원로44번길 40
이디야커피,부산기장메가마트점,부산광역시,기장군,부산광역시 기장군 일광면 기장대로 673
이디야커피,대연SK힐스점,부산광역시,남구,부산광역시 남구 수영로 261
이디야커피,부산기장도서관점,부산광역시,기장군,부산광역시 기장군 기장읍 차성동로126번길 2
이디야커피,,부산광역시,북구,부산광역시 북구 효열로 214-1
이디야커피보수점,보수점,부산광역시,중구,부산광역시 중구 국제시장2길 33
이디야커피,부산동명대점,부산광역시,남구,부산광역시 남구 신선로 428
이디야커피,부산서면문화점,부산광역시,부산진구,부산광역시 부산진구 가야대로784번길 66
이디야커피,부산반여중앙점,부산광역시,해운대구,부산광역시 해운대구 선수촌로 74-11
이디야커피,,부산광역시,사상구,부산광역시 사상구 가야대로 278-1
이디야커피,,부산광역시,연제구,부산광역시 연제구 과정로225번길 5
이디야커피,망미역점,부산광역시,수영구,부산광역시 수영구 연수로 335-1
이디야커피,부산사상롯데마트점,부산광역시,사상구,부산광역시 사상구 낙동대로 733
이디야커피,부산구포도서관점,부산광역시,북구,부산광역시 북구 백양대로1016번길 28
이디야커피,광안점,부산광역시,수영구,부산광역시 수영구 광남로 152
이디야커피,부산거제메르디앙점,부산광역시,연제구,부산광역시 연제구 세병로 80
이디야커피부산연산대로점,부산연산대로점,부산광역시,연제구,부산광역시 연제구 월드컵대로164번길 7
이디야커피,대연평화점,부산광역시,남구,부산광역시 남구 유엔평화로 31
이디야커피,부산반여강변점,부산광역시,해운대구,부산광역시 해운대구 선수촌로 145
이디야커피,부산영도동삼동점,부산광역시,영도구,부산광역시 영도구 중리로 46-8
이디야커피,안락교차로점,부산광역시,동래구,부산광역시 동래구 충렬대로 353
이디야커피부산괴정대로점,부산괴정대로점,부산광역시,사하구,부산광역시 사하구 낙동대로 246
이디야커피경마공원점,경마공원점,부산광역시,강서구,부산광역시 강서구 가락대로 929
이디야커피,부산동의대중앙점,부산광역시,부산진구,부산광역시 부산진구 엄광로 184
이디야커피,부산효림초교점,부산광역시,사하구,부산광역시 사하구 장평로 107
이디야커피,부산동래내성점,부산광역시,동래구,부산광역시 동래구 여고북로 192
이디야커피,부산고신대병원점,부산광역시,서구,부산광역시 서구 감천로 247
이디야커피,개금펜테리움점,부산광역시,부산진구,부산광역시 부산진구 가야대로 450
이디야커피부산금강로점,부산금강로점,부산광역시,동래구,부산광역시 동래구 온천장로 87
이디야커피숍,,부산광역시,연제구,부산광역시 연제구 월드컵대로 19
이디야커피,아시아드점,부산광역시,연제구,부산광역시 연제구 종합운동장로 28
이디야커피,명지너울공원점,부산광역시,강서구,부산광역시 강서구 명지국제6로232번길 20
이디야커피,동래고교점,부산광역시,동래구,부산광역시 동래구 충렬대로 276
이디야커피,부산미남역점,부산광역시,동래구,부산광역시 동래구 아시아드대로 223
이디야커피,부산명장E편한세상점,부산광역시,동래구,부산광역시 동래구 명장로 56
이디야커피,부산하단가락1단지점,부산광역시,사하구,부산광역시 사하구 하신번영로 320
이디야커피,부암점,부산광역시,부산진구,부산광역시 부산진구 신천대로185번길 23
이디야커피,,부산광역시,연제구,부산광역시 연제구 법원로32번길 9
이디야커피,부산수변공원점,부산광역시,수영구,부산광역시 수영구 광안해변로344번길 17-9
이디야커피,거제홈타운점,부산광역시,연제구,부산광역시 연제구 법원북로 45
이디야커피,부산청룡점,부산광역시,금정구,부산광역시 금정구 청룡로 68
이디야커피,부산센텀재송점,부산광역시,해운대구,부산광역시 해운대구 해운대로76번길 44
이디야커피,,부산광역시,북구,부산광역시 북구 덕천로 299
이디야커피,부산문현현대점,부산광역시,남구,부산광역시 남구 문현로 68
이디야커피,부산정관가동점,부산광역시,기장군,부산광역시 기장군 정관읍 가동길 30
이디야커피,부산충무동점,부산광역시,서구,부산광역시 서구 충무대로 277
이디야커피,부산하단가락타운점,부산광역시,사하구,부산광역시 사하구 동매로 23
이디야커피,부산두실역점,부산광역시,금정구,부산광역시 금정구 중앙대로 1911
이디야커피,,부산광역시,남구,부산광역시 남구 수영로 202
이디야커피,부산남구청점,부산광역시,남구,부산광역시 남구 진남로 118
이디야커피,부산동래봉생병원점,부산광역시,동래구,부산광역시 동래구 충렬대로350번길 16
이디야커피,부산장림세정아울렛점,부산광역시,사하구,부산광역시 사하구 다대로 207
이디야커피,부산연제초교점,부산광역시,연제구,부산광역시 연제구 중앙대로1075번길 8
이디야커피,부산가야홈플러스,부산광역시,부산진구,부산광역시 부산진구 가야대로 506
이디야커피,동아대점,부산광역시,사하구,부산광역시 사하구 낙동대로 553-2
이디야커피,부산영도대교동점,부산광역시,영도구,부산광역시 영도구 태종로 104
이디야커피,동부산롯데몰점,부산광역시,기장군,부산광역시 기장군 기장읍 기장해안로 147
이디야커피서부산유통지구점,서부산유통지구점,부산광역시,강서구,부산광역시 강서구 유통단지1로 53
이디야커피,,부산광역시,중구,부산광역시 중구 자갈치로47번길 6-1
이디야커피,서면제일점,부산광역시,부산진구,부산광역시 부산진구 서전로10번길 36
이디야커피,지사점,부산광역시,강서구,부산광역시 강서구 과학산단2로20번길 11
이디야커피,문현동점,부산광역시,남구,부산광역시 남구 수영로 46
이디야커피국제물류점,국제물류점,부산광역시,강서구,부산광역시 강서구 범방3로46번길 5
이디야커피유엔공원점,유엔공원점,부산광역시,남구,부산광역시 남구 유엔로 202
이디야커피,금강로점,부산광역시,동래구,부산광역시 동래구 온천장로 96
이디야커피,부산역점,부산광역시,동구,부산광역시 동구 중앙대로 233
이디야커피,부산해운대구청점,부산광역시,해운대구,부산광역시 해운대구 중동2로 5
이디야커피,부산장전서희점,부산광역시,금정구,부산광역시 금정구 수림로20번길 27
이디야커피,부산구서SK점,부산광역시,금정구,부산광역시 금정구 금강로403번길 1
이디야커피,안락점,부산광역시,동래구,부산광역시 동래구 충렬대로 429-3
이디야커피,기장고리원전점,부산광역시,기장군,부산광역시 기장군 장안읍 해맞이로 429
이디야커피,부산온천장역점,부산광역시,동래구,부산광역시 동래구 온천장로119번길 7
이디야커피,구포사거리점,부산광역시,북구,부산광역시 북구 백양대로 1065
이디야커피,해운대우동점,부산광역시,해운대구,부산광역시 해운대구 우동1로 82
이디야커피,부산범어사역점,부산광역시,금정구,부산광역시 금정구 중앙대로 2120
이디야커피,부산화명점,부산광역시,북구,부산광역시 북구 금곡대로285번길 22
이디야커피,부경대후문점,부산광역시,남구,부산광역시 남구 수영로358번길 12
이디야커피,부산강서구청점,부산광역시,강서구,부산광역시 강서구 대저로 270
이디야커피명지초교점,명지초교점,부산광역시,강서구,부산광역시 강서구 명지국제6로 306
이디야커피,부산가야동의대점,부산광역시,부산진구,부산광역시 부산진구 가야대로 590-1
이디야커피,부산경동파크점,부산광역시,부산진구,부산광역시 부산진구 새싹로 30
이디야커피,부산양운사거리점,부산광역시,해운대구,부산광역시 해운대구 좌동순환로 79
이디야커피,망미중앙점,부산광역시,수영구,부산광역시 수영구 과정로 65
이디야커피,만세365병원점,부산광역시,중구,부산광역시 중구 대청로 105
이디야커피,부산석포초교점,부산광역시,남구,부산광역시 남구 석포로 106
이디야커피,부산만덕중앙점,부산광역시,북구,부산광역시 북구 만덕1로 26
이디야커피,금정세무서점,부산광역시,금정구,부산광역시 금정구 부곡로141번길 1
이디야커피,부평점,부산광역시,중구,부산광역시 중구 광복로 10-2
이디야커피,BIFC몰점,부산광역시,남구,부산광역시 남구 문현금융로 40
이디야커피,연지자이점,부산광역시,부산진구,부산광역시 부산진구 새싹로 178
이디야커피,범내골역점,부산광역시,부산진구,부산광역시 부산진구 범일로 184
이디야커피,구서역점,부산광역시,금정구,부산광역시 금정구 구서로 2
이디야거제홈타운,,부산광역시,연제구,부산광역시 연제구 법원북로 45
이디야커피,서면태화점,부산광역시,부산진구,부산광역시 부산진구 서전로10번길 71
이디야커피,부산안락중앙점,부산광역시,동래구,부산광역시 동래구 충렬대로 413
이디야커피,,부산광역시,사상구,부산광역시 사상구 광장로 79
이디야커피,신길역점,서울특별시,영등포구,서울특별시 영등포구 영등포로 353
이디야커피,라이프점,서울특별시,영등포구,서울특별시 영등포구 63로 40
이디야커피양재AT점,양재AT점,서울특별시,서초구,서울특별시 서초구 동산로 3
이디야커피,시흥점,서울특별시,금천구,서울특별시 금천구 금하로 750
이디야커피,개봉중앙점,서울특별시,구로구,서울특별시 구로구 개봉로3길 26
이디야커피,해군회관점,서울특별시,동작구,서울특별시 동작구 여의대방로 194
이디야커피,등촌역점,서울특별시,강서구,서울특별시 강서구 등촌로 217
이디야커피,신정역점,서울특별시,양천구,서울특별시 양천구 오목로 155
이디야커피,도림사거리,서울특별시,영등포구,서울특별시 영등포구 도림로 326
이디야서대문점2호,,서울특별시,서대문구,서울특별시 서대문구 통일로 141
이디야커피은행나무사거리점,은행나무사거리점,서울특별시,금천구,서울특별시 금천구 금하로 690
이디야IBK고객센터,,서울특별시,용산구,서울특별시 용산구 한남대로 72
이디야커피,디지털미디어시티역사점,서울특별시,마포구,서울특별시 마포구 성암로 184
이디야커피,둔촌점,서울특별시,강동구,서울특별시 강동구 양재대로 1377
이디야커피,약수역점,서울특별시,중구,서울특별시 중구 동호로10길 11
이디야커피,영등포아크로타워점,서울특별시,영등포구,서울특별시 영등포구 국회대로54길 10
이디야커피,중계롯데우성점,서울특별시,노원구,서울특별시 노원구 노원로22길 34
이디야커피,동덕여대점,서울특별시,성북구,서울특별시 성북구 화랑로13길 28
이디야커피,양재언남점,서울특별시,서초구,서울특별시 서초구 동산로 60
이디야커피,,서울특별시,성북구,서울특별시 성북구 오패산로16길 37
이디야커피수유역점,수유역점,서울특별시,강북구,서울특별시 강북구 도봉로 355
이디야커피돈암아리랑점,돈암아리랑점,서울특별시,성북구,서울특별시 성북구 아리랑로 85-16
이디야커피,오금점,서울특별시,송파구,서울특별시 송파구 오금로 306
이디야커피,사당역점,서울특별시,동작구,서울특별시 동작구 동작대로7길 100
이디야커피,건대후문점,서울특별시,광진구,서울특별시 광진구 광나루로 416
이디야커피,광운대점,서울특별시,노원구,서울특별시 노원구 광운로 29
이디야커피,삼전역점,서울특별시,송파구,서울특별시 송파구 백제고분로 263
이디야커피,청계산입구역점,서울특별시,서초구,서울특별시 서초구 청계산로 189
이디야커피,구일역점,서울특별시,구로구,서울특별시 구로구 구일로 110
이디야커피우장산동점,우장산동점,서울특별시,강서구,서울특별시 강서구 우현로 17
이디야커피,용산효창점,서울특별시,용산구,서울특별시 용산구 효창원로66길 2
이디야커피,신당점,서울특별시,중구,서울특별시 중구 다산로35길 11
이디야커피세광교회점,세광교회점,서울특별시,금천구,서울특별시 금천구 독산로 124
이디야커피,,서울특별시,강서구,서울특별시 강서구 우현로 15
이디야커피,미아역점,서울특별시,강북구,서울특별시 강북구 도봉로 207
이디야커피,,서울특별시,강북구,서울특별시 강북구 솔샘로 257
이디야커피,고덕점,서울특별시,강동구,서울특별시 강동구 동남로75길 19
이디야커피,녹번동점,서울특별시,은평구,서울특별시 은평구 진흥로 156
이디야커피,대방역점,서울특별시,동작구,서울특별시 동작구 노량진로 22
이디야커피,어린이대공원역점,서울특별시,광진구,서울특별시 광진구 광나루로 380
이디야커피,신림남부초교점,서울특별시,관악구,서울특별시 관악구 남부순환로 1541
이디야커피,송파잠실점,서울특별시,송파구,서울특별시 송파구 삼전로 95
이디야커피,신월7동점,서울특별시,양천구,서울특별시 양천구 지양로 79
이디야커피,우림시장점,서울특별시,중랑구,서울특별시 중랑구 봉우재로 240
이디야커피,목3동점,서울특별시,양천구,서울특별시 양천구 목동중앙북로 38
이디야커피동소문동점,동소문동점,서울특별시,성북구,서울특별시 성북구 동소문로13길 5
이디야커피,서울교대점,서울특별시,서초구,서울특별시 서초구 서초중앙로 91
이디야커피,마장동점,서울특별시,성동구,서울특별시 성동구 고산자로 339-1
이디야커피,별관,서울특별시,강남구,서울특별시 강남구 선릉로 577
이디야커피,길음중앙점,서울특별시,성북구,서울특별시 성북구 도봉로 11
이디야커피,공덕롯데캐슬,서울특별시,마포구,서울특별시 마포구 마포대로 109
이디야커피,북촌마을점,서울특별시,종로구,서울특별시 종로구 북촌로5길 39
이디야커피,한티역점,서울특별시,강남구,서울특별시 강남구 도곡로69길 8
이디야커피,성수중앙점,서울특별시,성동구,서울특별시 성동구 성수일로6길 47
이디야커피,신길아이파크점,서울특별시,영등포구,서울특별시 영등포구 도림로 280
이디야커피,당산버드나루점,서울특별시,영등포구,서울특별시 영등포구 버드나루로 87
이디야커피,까치산로점,서울특별시,강서구,서울특별시 강서구 까치산로 182
이디야커피,동대문구청점,서울특별시,동대문구,서울특별시 동대문구 천호대로 153-1
이디야커피,중화동점,서울특별시,중랑구,서울특별시 중랑구 동일로129길 1
이디야커피,방이초교점,서울특별시,송파구,서울특별시 송파구 가락로 280
이디야커피,아현역점,서울특별시,서대문구,서울특별시 서대문구 신촌로35길 10
이디야커피,용산원효점,서울특별시,용산구,서울특별시 용산구 원효로 70
이디야커피,등촌중앙점,서울특별시,강서구,서울특별시 강서구 등촌로 67
이디야커피,강서가양동점,서울특별시,강서구,서울특별시 강서구 강서로 511
이디야커피,이화여대점,서울특별시,서대문구,서울특별시 서대문구 이화여대길 26
이디야커피,신길성애병원점,서울특별시,영등포구,서울특별시 영등포구 여의대방로53길 27
이디야커피,합정홈플러스점,서울특별시,마포구,서울특별시 마포구 양화로 45
이디야커피,도봉산점,서울특별시,도봉구,서울특별시 도봉구 도봉산길 18
이디야커피,합정역사거리점,서울특별시,마포구,서울특별시 마포구 독막로2길 5
이디야커피김안과점,김안과점,서울특별시,영등포구,서울특별시 영등포구 영신로 136
이디야커피,구로역광장점,서울특별시,구로구,서울특별시 구로구 경인로 572
이디야커피,길동사거리점,서울특별시,강동구,서울특별시 강동구 천호대로 1132
이디야커피,고덕그라시움후문점,서울특별시,강동구,서울특별시 강동구 동남로82길 121
EDIYACOFFEE,,서울특별시,서초구,서울특별시 서초구 방배로 234
이디야커피,국회의사당역점,서울특별시,영등포구,서울특별시 영등포구 의사당대로 22
이디야커피,신촌그랑자이점,서울특별시,마포구,서울특별시 마포구 대흥로 183
이디야커피,잠실본동점,서울특별시,송파구,서울특별시 송파구 백제고분로 172
이디야커피,마곡파인스퀘어점,서울특별시,강서구,서울특별시 강서구 마곡중앙4로 22
이디야커피을지로역점,을지로역점,서울특별시,중구,서울특별시 중구 남대문로 112
이디야커피,먹골역점,서울특별시,중랑구,서울특별시 중랑구 동일로157길 13
이디야커피,목동신트리점,서울특별시,양천구,서울특별시 양천구 신정로 312
이디야커피,면목본동점,서울특별시,중랑구,서울특별시 중랑구 면목로 370
이디야커피,용산후암점,서울특별시,용산구,서울특별시 용산구 후암로 40-2
이디야커피,북서울꿈의숲점,서울특별시,성북구,서울특별시 성북구 돌곶이로41가길 2
이디야커피,영등포역점,서울특별시,영등포구,서울특별시 영등포구 경인로 838-1
이디야커피,안국역점,서울특별시,종로구,서울특별시 종로구 북촌로 1
이디야커피,구의자양로점,서울특별시,광진구,서울특별시 광진구 자양로 251
이디야커피,IBK점,서울특별시,중구,서울특별시 중구 을지로 79
이디야커피,구로미성점,서울특별시,구로구,서울특별시 구로구 구로중앙로 228
이디야커피,개롱역점,서울특별시,송파구,서울특별시 송파구 오금로 407
이디야커피,,서울특별시,노원구,서울특별시 노원구 화랑로 510
이디야커피낙원동점,낙원동점,서울특별시,종로구,서울특별시 종로구 삼일대로 436-1
이디야커피,중계점,서울특별시,노원구,서울특별시 노원구 동일로204가길 34
이디야커피,선유도역점,서울특별시,영등포구,서울특별시 영등포구 양평로 126
이디야커피,장안점,서울특별시,동대문구,서울특별시 동대문구 한천로46길 42
이디야커피,메르디앙고척점,서울특별시,구로구,서울특별시 구로구 중앙로8길 11
이디야커피,마천사거리점,서울특별시,송파구,서울특별시 송파구 마천로 264
이디야커피,상봉엠코점,서울특별시,중랑구,서울특별시 중랑구 망우로 353
이디야커피,방이미성점,서울특별시,송파구,서울특별시 송파구 양재대로 1089
이디야커피,강남고속터미널점,서울특별시,서초구,서울특별시 서초구 신반포로 188
이디야커피,송정역점,서울특별시,강서구,서울특별시 강서구 공항대로 24
이디야커피,청구역점,서울특별시,중구,서울특별시 중구 다산로 181-2
이디야커피,신상도초교점,서울특별시,동작구,서울특별시 동작구 양녕로 183
이디야커피,합정동점,서울특별시,마포구,서울특별시 마포구 양화로6길 90
이디야커피,난향동점,서울특별시,관악구,서울특별시 관악구 난곡로 60
이디야커피,방화역점,서울특별시,강서구,서울특별시 강서구 금낭화로 146
이디야커피,청룡중앙점,서울특별시,관악구,서울특별시 관악구 쑥고개로 80
이디야커피,신촌역점,서울특별시,서대문구,서울특별시 서대문구 신촌로 87-20
이디야커피,용두동사거리점,서울특별시,동대문구,서울특별시 동대문구 왕산로 68
이디야커피,신대방역점,서울특별시,관악구,서울특별시 관악구 난곡로 366
이디야커피,천호역점,서울특별시,강동구,서울특별시 강동구 천호대로 1006
이디야커피,오장동점,서울특별시,중구,서울특별시 중구 마른내로 109-1
이디야커피,역삼중앙점,서울특별시,강남구,서울특별시 강남구 언주로81길 8
이디야커피,건설회관점,서울특별시,강남구,서울특별시 강남구 언주로 711
이디야커피마곡역점,마곡역점,서울특별시,강서구,서울특별시 강서구 공항대로 195
이디야커피한성대역점2층,,서울특별시,성북구,서울특별시 성북구 동소문로 19
이디야커피,공릉중앙점,서울특별시,노원구,서울특별시 노원구 공릉로 146
이디야커피,목동등촌로점,서울특별시,양천구,서울특별시 양천구 등촌로 180
이디야커피,관악농협하나로마트점,서울특별시,관악구,서울특별시 관악구 남부순환로 1369
이디야커피,종로5가점,서울특별시,종로구,서울특별시 종로구 대학로 33
이디야커피약수점,약수점,서울특별시,중구,서울특별시 중구 다산로 131
이디야커피,상계역사거리점,서울특별시,노원구,서울특별시 노원구 한글비석로 409
이디야커피,미아송천점,서울특별시,강북구,서울특별시 강북구 삼양로 118
이디야커피,고대병원구로점,서울특별시,구로구,서울특별시 구로구 구로동로 157
이디야커피한강공원로점,한강공원로점,서울특별시,마포구,서울특별시 마포구 망원로 21
이디야커피마곡엠밸리점,마곡엠밸리점,서울특별시,강서구,서울특별시 강서구 마곡서로 101
이디야커피,가산대륭19차점,서울특별시,금천구,서울특별시 금천구 가산디지털2로 70
이디야커피,마곡대방디엠시티점,서울특별시,강서구,서울특별시 강서구 양천로 344
이디야커피창신중앙점,창신중앙점,서울특별시,종로구,서울특별시 종로구 지봉로 64
이디야커피,교육개발원사거리점,서울특별시,서초구,서울특별시 서초구 바우뫼로 180
이디야커피,하계을지점,서울특별시,노원구,서울특별시 노원구 공릉로 326
ediyacoffee,,서울특별시,강남구,서울특별시 강남구 학동로 508
이디야커피신림문화교점,신림문화교점,서울특별시,관악구,서울특별시 관악구 신림로 262-1
이디야커피숍,,서울특별시,서초구,서울특별시 서초구 청계산로 10
이디야커피,신풍역점,서울특별시,영등포구,서울특별시 영등포구 신풍로 52-1
이디야커피,암사중앙점,서울특별시,강동구,서울특별시 강동구 암사길 50
이디야커피,성공회대점,서울특별시,구로구,서울특별시 구로구 연동로 312
이디야커피,명지대점,서울특별시,서대문구,서울특별시 서대문구 거북골로 33
이디야커피,구산사거리점,서울특별시,은평구,서울특별시 은평구 서오릉로 195
이디야커피등촌동점,등촌동점,서울특별시,강서구,서울특별시 강서구 공항대로61길 20
이디야커피,COFFEE이디야커피장위중앙점,서울특별시,성북구,서울특별시 성북구 장위로 35
EDIYACOFFEE,,서울특별시,도봉구,서울특별시 도봉구 도봉로 964-40
EDIYACOFFEE,,서울특별시,구로구,서울특별시 구로구 구로중앙로 174
이디야커피,장한평점,서울특별시,성동구,서울특별시 성동구 천호대로 426
이디야커피,수유1동점,서울특별시,강북구,서울특별시 강북구 삼양로 293
이디야커피,충무필동점,서울특별시,중구,서울특별시 중구 퇴계로 218-5
이디야커피,내방역점,서울특별시,서초구,서울특별시 서초구 서초대로 108
이디야커피,구로디지털점,서울특별시,구로구,서울특별시 구로구 디지털로31길 81
이디야커피,신림신원점,서울특별시,관악구,서울특별시 관악구 신원로 16
이디야커피,,서울특별시,강남구,서울특별시 강남구 영동대로 513
이디야커피중곡대원점,중곡대원점,서울특별시,광진구,서울특별시 광진구 용마산로 111
이디야커피,고덕래미안힐스점,서울특별시,강동구,서울특별시 강동구 아리수로50길 50
이디야커피,송파파인타운점,서울특별시,송파구,서울특별시 송파구 충민로2길 28
EDIYACOFFEE,,서울특별시,노원구,서울특별시 노원구 화랑로 341
이디야커피,4.19사거리점,서울특별시,강북구,서울특별시 강북구 삼양로 501
이디야커피,잠실나루역점,서울특별시,송파구,서울특별시 송파구 올림픽로35길 94
이디야커피,이수중앙점,서울특별시,동작구,서울특별시 동작구 사당로 285
이디야커피숍,,서울특별시,양천구,서울특별시 양천구 신정로11길 50-15
이디야커피,마곡나루역점,서울특별시,강서구,서울특별시 강서구 마곡중앙5로 6
이디야커피,고척스카이돔점,서울특별시,구로구,서울특별시 구로구 경인로 397
이디야커피,까치산역점,서울특별시,강서구,서울특별시 강서구 강서로17길 6
이디야커피,망원역점,서울특별시,마포구,서울특별시 마포구 월드컵로 82-1
이디야커피,구의역점,서울특별시,광진구,서울특별시 광진구 구의로 4
이디야커피,,서울특별시,중랑구,서울특별시 중랑구 동일로 901
이디야커피신림남부초교점,신림남부초교점,서울특별시,관악구,서울특별시 관악구 남부순환로 1541-1
이디야커피,화곡중앙시장점,서울특별시,강서구,서울특별시 강서구 가로공원로76길 63
이디야커피,개포역점,서울특별시,강남구,서울특별시 강남구 개포로82길 11
이디야커피,태평로점,서울특별시,중구,서울특별시 중구 세종대로11길 26
이디야커피,금란망우점,서울특별시,중랑구,서울특별시 중랑구 망우로 460
이디야커피,연대서문점,서울특별시,서대문구,서울특별시 서대문구 연희로10길 86
이디야커피,서교동점,서울특별시,마포구,서울특별시 마포구 와우산로29길 70
이디야커피정릉아리랑점,정릉아리랑점,서울특별시,성북구,서울특별시 성북구 북악산로 851
이디야커피신금호역점,신금호역점,서울특별시,성동구,서울특별시 성동구 무수막길 89-30
이디야커피한국수출입은행점,한국수출입은행점,서울특별시,영등포구,서울특별시 영등포구 은행로 17
이디야커피,목동파리공원점,서울특별시,양천구,서울특별시 양천구 목동동로 379
이디야커피영등포본동점,영등포본동점,서울특별시,영등포구,서울특별시 영등포구 영신로9나길 16-5
이디야커피,홍대중앙점,서울특별시,마포구,서울특별시 마포구 양화로 124
이디야커피,동원사거리점,서울특별시,중랑구,서울특별시 중랑구 겸재로 240
이디야커피,동묘역점,서울특별시,종로구,서울특별시 종로구 종로 354
이디야커피신길썬프라자점,신길썬프라자점,서울특별시,영등포구,서울특별시 영등포구 신길로 42
이디야커피,디지털미디어시티역사점,서울특별시,은평구,서울특별시 은평구 수색로 175
이디야커피광산사거리점,광산사거리점,서울특별시,강북구,서울특별시 강북구 한천로 1083
이디야커피,하계온천점,서울특별시,노원구,서울특별시 노원구 노원로 257
이디야커피,신월5동점,서울특별시,양천구,서울특별시 양천구 화곡로 50
이디야커피,구로에이스점,서울특별시,구로구,서울특별시 구로구 디지털로33길 11
이디야커피,한강진역사점,서울특별시,용산구,서울특별시 용산구 이태원로 287
이디야커피,우이역도선사점,서울특별시,강북구,서울특별시 강북구 삼양로173길 21
이디야커피도봉산역사점,도봉산역사점,서울특별시,도봉구,서울특별시 도봉구 도봉로 964-33
이디야커피,함지박사거리점,서울특별시,서초구,서울특별시 서초구 방배로 234
이디야커피,위례아이파크점,서울특별시,송파구,서울특별시 송파구 위례광장로 136
이디야커피,총신대점,서울특별시,동작구,서울특별시 동작구 사당로16가길 96
이디야커피,청담역사점,서울특별시,강남구,서울특별시 강남구 학동로 508
이디야커피,가산에이스점,서울특별시,금천구,서울특별시 금천구 가산디지털1로 196
이디야커피,여의나루역점,서울특별시,영등포구,서울특별시 영등포구 여의나루로 113
이디야커피,사가정아이파크점,서울특별시,중랑구,서울특별시 중랑구 동일로92길 57
이디야커피용두점,용두점,서울특별시,동대문구,서울특별시 동대문구 고산자로 413-1
이디야커피,신도림메르디앙점,서울특별시,구로구,서울특별시 구로구 신도림로 65
이디야커피,홍은사거리점,서울특별시,서대문구,서울특별시 서대문구 통일로 510
이디야커피신당중앙점,신당중앙점,서울특별시,중구,서울특별시 중구 퇴계로 455
이디야커피,,서울특별시,은평구,서울특별시 은평구 진흥로1길 3
이디야커피,쌍문동점,서울특별시,도봉구,서울특별시 도봉구 노해로 162
이디야커피,월곡동아점,서울특별시,성북구,서울특별시 성북구 장월로1길 47
이디야커피,,서울특별시,강남구,서울특별시 강남구 도산대로37길 20
이디야커피,용산청파점,서울특별시,용산구,서울특별시 용산구 청파로71길 10
이디야커피,창동현대타운점,서울특별시,도봉구,서울특별시 도봉구 도봉로114길 22
이디야커피,숍명동중앙2호점,서울특별시,중구,서울특별시 중구 명동8가길 37
이디야커피,증산동점,서울특별시,은평구,서울특별시 은평구 증산서길 78
이디야커피,북한산점,서울특별시,강북구,서울특별시 강북구 419로 85
이디야커피,,서울특별시,종로구,서울특별시 종로구 동호로 406-1
이디야커피,COFFEE이디야커피석관동점,서울특별시,성북구,서울특별시 성북구 돌곶이로8길 22
이디야커피,답십리파크자이점,서울특별시,동대문구,서울특별시 동대문구 한천로 55
이디야커피,송파문정점,서울특별시,송파구,서울특별시 송파구 송이로 159
이디야커피,,서울특별시,관악구,서울특별시 관악구 호암로26길 17
이디야커피,석촌백제점,서울특별시,송파구,서울특별시 송파구 백제고분로39길 15
이디야커피,송파풍납점,서울특별시,송파구,서울특별시 송파구 강동대로9길 17-1
이디야커피,길동역점,서울특별시,강동구,서울특별시 강동구 양재대로 1471
이디야커피,송파헬리오시티점,서울특별시,송파구,서울특별시 송파구 가락로12길 4
이디야커피,문정문현점,서울특별시,송파구,서울특별시 송파구 새말로8길 30
이디야역삼플래티넘,,서울특별시,강남구,서울특별시 강남구 테헤란로4길 46
이디야커피,회기역중앙점,서울특별시,동대문구,서울특별시 동대문구 회기로 194-1
이디야커피,독바위역점,서울특별시,은평구,서울특별시 은평구 불광로 128
이디야커피,갈현점,서울특별시,은평구,서울특별시 은평구 갈현로 268
이디야커피,본서부병원점,서울특별시,은평구,서울특별시 은평구 응암로 337
이디야커피전농뉴타운점,전농뉴타운점,서울특별시,동대문구,서울특별시 동대문구 답십리로 77
이디야커피,장위2동점,서울특별시,성북구,서울특별시 성북구 화랑로25길 14
이디야커피,서울삼성내과점,서울특별시,송파구,서울특별시 송파구 백제고분로 126
이디야커피,세이브존노원점,서울특별시,노원구,서울특별시 노원구 공릉로 351
이디야커피,대치역점,서울특별시,강남구,서울특별시 강남구 남부순환로 2937
이디야커피,성산중앙점,서울특별시,마포구,서울특별시 마포구 성미산로 78
이디야커피,가산오거리점,서울특별시,금천구,서울특별시 금천구 가산로 155
이디야커피,신촌숲아이파크점,서울특별시,마포구,서울특별시 마포구 광성로 17
이디야커피,쌈지공원점,서울특별시,금천구,서울특별시 금천구 독산로 276
이디야커피,목동남부점,서울특별시,양천구,서울특별시 양천구 목동남로 46
이디야커피,,서울특별시,마포구,서울특별시 마포구 월드컵로 240
이디야커피,중계중앙점,서울특별시,노원구,서울특별시 노원구 덕릉로73길 18
이디야커피,충정로역점,서울특별시,중구,서울특별시 중구 중림로 10
이디야커피,상암홈플러스점,서울특별시,마포구,서울특별시 마포구 월드컵로 240
이디야커피,방학홈플러스점,서울특별시,도봉구,서울특별시 도봉구 도봉로 678
이디야커피,광나루점,서울특별시,광진구,서울특별시 광진구 아차산로 624
이디야커피,종합운동장역점,서울특별시,송파구,서울특별시 송파구 올림픽로 76
이디야커피,마곡헤리움점,서울특별시,강서구,서울특별시 강서구 마곡중앙5로1길 25
이디야커피건대스타시티점,건대스타시티점,서울특별시,광진구,서울특별시 광진구 아차산로 262
이디야커피,석계중앙점,서울특별시,성북구,서울특별시 성북구 한천로78길 71
이디야커피,을지병원사거리점,서울특별시,강남구,서울특별시 강남구 도산대로30길 7
이디야커피,명지전문대점,서울특별시,서대문구,서울특별시 서대문구 가좌로 140
이디야커피,신논현점,서울특별시,서초구,서울특별시 서초구 강남대로79길 10
이디야커피가좌역점,가좌역점,서울특별시,서대문구,서울특별시 서대문구 수색로 32
이디야커피,염창역점,서울특별시,강서구,서울특별시 강서구 공항대로 629
이디야커피,방학중앙점,서울특별시,도봉구,서울특별시 도봉구 도당로13길 22
이디야커피,오금중앙점,서울특별시,송파구,서울특별시 송파구 위례성대로22길 18
엠케이이디야마곡나루역점,,서울특별시,강서구,서울특별시 강서구 마곡중앙5로 6
이디야커피,응봉동점,서울특별시,성동구,서울특별시 성동구 독서당로 377
이디야커피,시흥사거리점,서울특별시,금천구,서울특별시 금천구 시흥대로63길 8
이디야커피,강남세곡점,서울특별시,강남구,서울특별시 강남구 헌릉로569길 9
이디야커피,신사점,서울특별시,강남구,서울특별시 강남구 도산대로 118
이디야커피,동덕여대점,서울특별시,성북구,서울특별시 성북구 화랑로 99
이디야커피,망원중앙점,서울특별시,마포구,서울특별시 마포구 월드컵로 147
이디야커피,문정중앙점,서울특별시,송파구,서울특별시 송파구 문정로 31-1
이디야커피선정릉역점,선정릉역점,서울특별시,강남구,서울특별시 강남구 봉은사로 326
이디야커피,시흥유통센터점,서울특별시,금천구,서울특별시 금천구 시흥대로 88
이디야커피,보라매중앙점,서울특별시,관악구,서울특별시 관악구 보라매로 62
이디야커피,서울고교점,서울특별시,서초구,서울특별시 서초구 효령로40길 4
이디야커피,이문점,서울특별시,동대문구,서울특별시 동대문구 신이문로 19
이디야커피,도림점,서울특별시,영등포구,서울특별시 영등포구 도신로15길 40
이디야커피봉천중앙점,봉천중앙점,서울특별시,관악구,서울특별시 관악구 남부순환로 1874
EDIYACOFFEE,,서울특별시,마포구,서울특별시 마포구 성암로13길 58
이디야커피,목4동점,서울특별시,양천구,서울특별시 양천구 목동중앙본로7길 46
마스터키이디야마곡나루역점,,서울특별시,강서구,서울특별시 강서구 마곡중앙5로 6
을지사거리이디야커피숍,,서울특별시,강남구,서울특별시 강남구 도산대로30길 7
이디야커피,봉천역점,서울특별시,관악구,서울특별시 관악구 남부순환로216길 2
이디야커피,가재울중앙점,서울특별시,서대문구,서울특별시 서대문구 가재울미래로 2
이디야커피,암사3동점,서울특별시,강동구,서울특별시 강동구 고덕로 130
이디야커피봉천역점,봉천역점,서울특별시,관악구,서울특별시 관악구 남부순환로 1725
이디야커피,김포공항역점,서울특별시,강서구,서울특별시 강서구 하늘길 38
이디야커피,양천구청점,서울특별시,양천구,서울특별시 양천구 목동동로 63
이디야커피,문정엠스테이트점,서울특별시,송파구,서울특별시 송파구 법원로 114
이디야마들역,,서울특별시,노원구,서울특별시 노원구 동일로227길 25
이디야커피,롯데마트구로점,서울특별시,구로구,서울특별시 구로구 경인로 482
이디야커피,가락중앙점,서울특별시,송파구,서울특별시 송파구 송이로 87
이디야커피,성수2가점,서울특별시,성동구,서울특별시 성동구 성덕정길 106
이디야커피,목3동점,서울특별시,양천구,서울특별시 양천구 공항대로 566
이디야커피,,서울특별시,용산구,서울특별시 용산구 이촌로77길 19
이디야커피,,서울특별시,금천구,서울특별시 금천구 독산로50길 162
이디야커피,월계인덕점,서울특별시,노원구,서울특별시 노원구 광운로22길 39
이디야커피,선릉사거리점,서울특별시,강남구,서울특별시 강남구 선릉로 519
이디야커피,성산점,서울특별시,마포구,서울특별시 마포구 월드컵북로 137
이디야커피,삼각지점,서울특별시,용산구,서울특별시 용산구 한강대로 138
이디야커피,당곡사거리점,서울특별시,관악구,서울특별시 관악구 봉천로 245
이디야커피,문정테라타워점,서울특별시,송파구,서울특별시 송파구 송파대로 167
이디야커피텐즈힐점,텐즈힐점,서울특별시,성동구,서울특별시 성동구 무학로 33
이디야커피,굽은다리역점,서울특별시,강동구,서울특별시 강동구 양재대로 1543
이디야커피,,서울특별시,성북구,서울특별시 성북구 정릉로9라길 8
이디야커피점,,서울특별시,성동구,서울특별시 성동구 금호산길 64
이디야커피,동자동점,서울특별시,용산구,서울특별시 용산구 후암로 93
이디야커피논골사거리점,논골사거리점,서울특별시,성동구,서울특별시 성동구 난계로 35
이디야커피,선릉점,서울특별시,강남구,서울특별시 강남구 선릉로86길 15
이디야커피연구소,,서울특별시,강서구,서울특별시 강서구 양천로 551-17
이디야커피,가든파이브영관점,서울특별시,송파구,서울특별시 송파구 충민로 66
이디야커피,포이사거리점,서울특별시,강남구,서울특별시 강남구 개포로 218
이디야커피,,서울특별시,영등포구,서울특별시 영등포구 영중로 37
이디야커피,은행사거리점,서울특별시,노원구,서울특별시 노원구 중계로 201
이디야커피신도림테크노마트,,서울특별시,구로구,서울특별시 구로구 새말로 97
이디야커피,현대시장점,서울특별시,관악구,서울특별시 관악구 은천로 101
이디야커피,노원중앙점,서울특별시,노원구,서울특별시 노원구 노원로 452
이디야커피,화곡남부시장점,서울특별시,강서구,서울특별시 강서구 등촌로5길 80
EDIYACOFFEE,,서울특별시,서초구,서울특별시 서초구 청계산로 189
이디야커피개봉북부점,개봉북부점,서울특별시,구로구,서울특별시 구로구 경인로40길 12
이디야커피,,서울특별시,강서구,서울특별시 강서구 양천로55길 55
이디야커피,염창동점,서울특별시,강서구,서울특별시 강서구 양천로 684
이디야커피마포KCC점,마포KCC점,서울특별시,마포구,서울특별시 마포구 백범로 202
이디야커피신림중앙점,신림중앙점,서울특별시,관악구,서울특별시 관악구 관천로 52
이디야커피,마포공덕역점,서울특별시,마포구,서울특별시 마포구 새창로 6
이디야커피,이마트구로점,서울특별시,구로구,서울특별시 구로구 디지털로32길 43
이디야커피,몽촌토성점,서울특별시,송파구,서울특별시 송파구 백제고분로 509
이디야커피,공항시장역점,서울특별시,강서구,서울특별시 강서구 방화동로 37
EDIYACOFFEESHOP,,서울특별시,종로구,서울특별시 종로구 필운대로1길 35
이디야커피,보라매공원점,서울특별시,동작구,서울특별시 동작구 여의대방로 90
이디야커피,동부병원사거리점,서울특별시,동대문구,서울특별시 동대문구 무학로 104
이디야커피,,서울특별시,서초구,서울특별시 서초구 신반포로 50
부일이디야커피,,서울특별시,송파구,서울특별시 송파구 올림픽로35가길 9
EDIYACOFFEE,,서울특별시,강서구,서울특별시 강서구 양천로 583
이디야카페,,서울특별시,성북구,서울특별시 성북구 북악산로 851
이디야커피,장안사거리점,서울특별시,동대문구,서울특별시 동대문구 답십리로 309
이디야커피,신월신곡시장점,서울특별시,양천구,서울특별시 양천구 신월로 172
이디야커피,이마트은평점,서울특별시,은평구,서울특별시 은평구 은평로 111
이디야커피,북창동점,서울특별시,중구,서울특별시 중구 남대문로1길 55
이디야커피,강동역점,서울특별시,강동구,서울특별시 강동구 천호대로 1065
이디야커피,합정역점,서울특별시,마포구,서울특별시 마포구 양화로11길 54
이디야커피,백련산아이파크점,서울특별시,은평구,서울특별시 은평구 응암로 264
이디야커피경희대점,경희대점,서울특별시,동대문구,서울특별시 동대문구 경희대로 4
이디야커피,양재점,서울특별시,서초구,서울특별시 서초구 남부순환로 2561
이디야커피,불광중앙점,서울특별시,은평구,서울특별시 은평구 불광로 59
이디야커피,건대스타시티2호점,서울특별시,광진구,서울특별시 광진구 능동로 90
이디야커피,마곡퀸즈파크9점,서울특별시,강서구,서울특별시 강서구 마곡중앙6로 66
이디야커피,서일중앙점,서울특별시,중랑구,서울특별시 중랑구 용마산로 394
이디야커피,신정서부점,서울특별시,양천구,서울특별시 양천구 신정로11길 50-15
이디야커피,가산SKV1점,서울특별시,금천구,서울특별시 금천구 가산디지털1로 171
이디야커피,강남자곡점,서울특별시,강남구,서울특별시 강남구 자곡로 180
이디야커피,성균관대점,서울특별시,종로구,서울특별시 종로구 성균관로 8
이디야커피,YTN점,서울특별시,중구,서울특별시 중구 세종대로1길 11
이디야커피,역삼점,서울특별시,강남구,서울특별시 강남구 논현로72길 13
이디야커피,석계역사점,서울특별시,노원구,서울특별시 노원구 화랑로 347-1
이디야커피,봉일시장점,서울특별시,관악구,서울특별시 관악구 은천로 23
이디야커피,신림미성점,서울특별시,관악구,서울특별시 관악구 난우길 43-1
이디야커피,우면동점,서울특별시,서초구,서울특별시 서초구 바우뫼로 20
이디야커피,,서울특별시,동대문구,서울특별시 동대문구 약령시로 147
이디야커피,마장역점,서울특별시,성동구,서울특별시 성동구 마장로 293-1
이디야커피,오목교대학학원점,서울특별시,양천구,서울특별시 양천구 오목로 319
이디야커피,만리동고개점,서울특별시,중구,서울특별시 중구 만리재로 175
이디야커피,목동신목점,서울특별시,양천구,서울특별시 양천구 목동중앙로 85
이디야커피,장안중앙점,서울특별시,동대문구,서울특별시 동대문구 사가정로25길 42
이디야커피,에이스가산포휴점,서울특별시,금천구,서울특별시 금천구 가산디지털1로 225
이디야커피,발산역점,서울특별시,강서구,서울특별시 강서구 공항대로 280
이디야커피,신림미성점,서울특별시,관악구,서울특별시 관악구 난곡로 250
이디야커피,연신내중앙점,서울특별시,은평구,서울특별시 은평구 통일로 825
이디야커피,불광연서로점,서울특별시,은평구,서울특별시 은평구 연서로 275
이디야커피,양천향교역점,서울특별시,강서구,서울특별시 강서구 강서로 462
이디야커피,중곡중앙점,서울특별시,광진구,서울특별시 광진구 능동로 330
이디야커피,종로4가점,서울특별시,종로구,서울특별시 종로구 김상옥로 1
이디야커피,,서울특별시,동대문구,서울특별시 동대문구 답십리로63길 131
이디야커피,동양미래대학점,서울특별시,구로구,서울특별시 구로구 경인로47길 14
이디야커피,화곡중앙점,서울특별시,강서구,서울특별시 강서구 까치산로 79
EDIYA카페,,서울특별시,강서구,서울특별시 강서구 송정로 70
이디야커피,중랑역점,서울특별시,중랑구,서울특별시 중랑구 망우로 198
이디야커피,,서울특별시,관악구,서울특별시 관악구 봉천로6길 24
이디야커피,송파하비오점,서울특별시,송파구,서울특별시 송파구 송파대로 111
이디야커피,구파발역점,서울특별시,은평구,서울특별시 은평구 진관2로 29-21
이디야커피,답십리사거리점,서울특별시,동대문구,서울특별시 동대문구 답십리로 154
이디야커피,여의도역점,서울특별시,영등포구,서울특별시 영등포구 의사당대로 108
이디야커피,방학사거리점,서울특별시,도봉구,서울특별시 도봉구 도봉로 677
이디야커피,노원KT점,서울특별시,노원구,서울특별시 노원구 노해로 494
이디야커피,난곡사거리점,서울특별시,관악구,서울특별시 관악구 남부순환로 1444
이디야커피,가산그레이트점,서울특별시,금천구,서울특별시 금천구 디지털로9길 32
이디야커피,상계역점,서울특별시,노원구,서울특별시 노원구 덕릉로 698
이디야커피,상도역점,서울특별시,동작구,서울특별시 동작구 상도로 277
이디야커피,,서울특별시,광진구,서울특별시 광진구 광나루로 506
이디야커피,북가좌동점,서울특별시,서대문구,서울특별시 서대문구 증가로 257
이디야커피가든파이브,,서울특별시,송파구,서울특별시 송파구 충민로 66
이디야커피,역삼역점,서울특별시,강남구,서울특별시 강남구 테헤란로25길 17
이디야커피,한양대점,서울특별시,성동구,서울특별시 성동구 사근동길 4
이디야커피,우장산역점,서울특별시,강서구,서울특별시 강서구 강서로45길 5
이디야커피망우점,망우점,서울특별시,성북구,서울특별시 성북구 북악산로1길 26-13
이디야커피,신촌로터리점,서울특별시,마포구,서울특별시 마포구 서강로 135
이디야커피,세종대정문점,서울특별시,광진구,서울특별시 광진구 능동로 261
이디야커피,역촌사거리점,서울특별시,은평구,서울특별시 은평구 서오릉로 100
이디야커피,미아꿈의숲해링턴점,서울특별시,강북구,서울특별시 강북구 오현로 45
이디야커피,,서울특별시,성북구,서울특별시 성북구 보국문로 66
이디야커피,동국대후문점,서울특별시,중구,서울특별시 중구 창경궁로 2
이디야커피,독립문역점,서울특별시,종로구,서울특별시 종로구 통일로 266
이디야커피,왕십리비트플렉스점,서울특별시,성동구,서울특별시 성동구 왕십리광장로 17
이디야커피,고척사거리점,서울특별시,구로구,서울특별시 구로구 고척로 228-6
이디야커피,송파위례점,서울특별시,송파구,서울특별시 송파구 위례광장로 188
이디야커피,동소문동점,서울특별시,성북구,서울특별시 성북구 동소문로13길 13
이디야커피,위례포레샤인점,서울특별시,송파구,서울특별시 송파구 위례순환로 477
이디야커피,강남센트럴시티점,서울특별시,서초구,서울특별시 서초구 신반포로 176
이디야커피,암사3동점,서울특별시,강동구,서울특별시 강동구 고덕로 140
이디야커피,구로고척공원점,서울특별시,구로구,서울특별시 구로구 고척로 149
이디야커피,응암역점,서울특별시,은평구,서울특별시 은평구 연서로 9
이디야커피,삼각지역점,서울특별시,용산구,서울특별시 용산구 한강대로 205
이디야커피,신림역점,서울특별시,관악구,서울특별시 관악구 신림로 312
이디야커피,서울공진초교점,서울특별시,강서구,서울특별시 강서구 마곡중앙1로 26
이디야커피,,서울특별시,강남구,서울특별시 강남구 언주로130길 18
이디야마들역,,서울특별시,노원구,서울특별시 노원구 동일로 1541
이디야커피,박미삼거리점,서울특별시,금천구,서울특별시 금천구 시흥대로 150
이디야커피,학동역점,서울특별시,강남구,서울특별시 강남구 학동로 219
이디야커피,올림픽프라자점,서울특별시,송파구,서울특별시 송파구 양재대로 1222
이디야커피,동교중앙점,서울특별시,마포구,서울특별시 마포구 동교로27길 8
이디야커피,대림역점,서울특별시,영등포구,서울특별시 영등포구 도림로31길 2
이디야커피,,서울특별시,종로구,서울특별시 종로구 필운대로1길 39-3
이디야커피,방화동로점,서울특별시,강서구,서울특별시 강서구 방화동로 95
이디야커피,대흥역점,서울특별시,마포구,서울특별시 마포구 백범로 100
이디야커피천호현대점,천호현대점,서울특별시,강동구,서울특별시 강동구 올림픽로 665
이디야커피,장승배기역점,서울특별시,동작구,서울특별시 동작구 상도로 193
이디야커피,개화산역점,서울특별시,강서구,서울특별시 강서구 양천로 28
이디야커피,가산하이엔드10차점,서울특별시,금천구,서울특별시 금천구 가산디지털1로 30
이디야커피,전농사거리점,서울특별시,동대문구,서울특별시 동대문구 사가정로 132
이디야커피,이마트용산역,서울특별시,용산구,서울특별시 용산구 한강대로21나길 7
이디야커피,신창점,서울특별시,도봉구,서울특별시 도봉구 덕릉로 235
이디야잠실,,서울특별시,송파구,서울특별시 송파구 송파대로 567
이디야커피,대청역점,서울특별시,강남구,서울특별시 강남구 개포로109길 34
이디야커피,용문점,서울특별시,용산구,서울특별시 용산구 원효로41길 73
이디야커피,보라매점,서울특별시,동작구,서울특별시 동작구 보라매로5가길 16
이디야커피,가산월드점,서울특별시,금천구,서울특별시 금천구 가산디지털2로 123
이디야커피,뚝섬유원지역점,서울특별시,광진구,서울특별시 광진구 능동로 21
이디야커피,창신점,서울특별시,종로구,서울특별시 종로구 종로 316-1
이디야당산,,서울특별시,영등포구,서울특별시 영등포구 당산로 222
이디야커피,양원남부점,서울특별시,중랑구,서울특별시 중랑구 양원역로 25-10
이디야커피,,서울특별시,서초구,서울특별시 서초구 양재대로2길 100-11
이디야커피,압구정점,서울특별시,강남구,서울특별시 강남구 논현로167길 16
이디야커피,구로하이엔드점,서울특별시,구로구,서울특별시 구로구 디지털로26길 5
이디야커피,응암오거리점,서울특별시,은평구,서울특별시 은평구 응암로 211
이디야커피,성동구청점,서울특별시,성동구,서울특별시 성동구 고산자로 269
이디야에스프레소,,서울특별시,중구,서울특별시 중구 세종대로11길 26
이디야커피애오개역점,애오개역점,서울특별시,마포구,서울특별시 마포구 마포대로 208
이디야커피,신림신화교점,서울특별시,관악구,서울특별시 관악구 신림로 199
이디야커피,장한평군자초교점,서울특별시,동대문구,서울특별시 동대문구 한천로2길 53
이디야커피,강남율현점,서울특별시,강남구,서울특별시 강남구 밤고개로21길 8
이디야커피,신사동고개삼거리점,서울특별시,은평구,서울특별시 은평구 갈현로 1
이디야커피,양원역점,서울특별시,중랑구,서울특별시 중랑구 양원역로14가길 24
이디야커피,곰달래점,서울특별시,강서구,서울특별시 강서구 곰달래로 52
이디야커피,세종시부강점,세종특별자치시,세종특별자치시,세종특별자치시 세종특별자치시 부강면 청연로 121
이디야커피,세종의아침점,세종특별자치시,세종특별자치시,세종특별자치시 세종특별자치시 한누리대로 194
이디야커피전문점,,세종특별자치시,세종특별자치시,세종특별자치시 세종특별자치시 조치원읍 행복11길 6
이디야커피,세종의아침점,세종특별자치시,세종특별자치시,세종특별자치시 세종특별자치시 국세청로 32
이디야커피,세종나성점,세종특별자치시,세종특별자치시,세종특별자치시 세종특별자치시 나성북1로 12
이디야커피,세종시고운동점,세종특별자치시,세종특별자치시,세종특별자치시 세종특별자치시 마음로 67
이디야커피,다정동점,세종특별자치시,세종특별자치시,세종특별자치시 세종특별자치시 다정중앙로 51
이디야커피,세종시도담동점,세종특별자치시,세종특별자치시,세종특별자치시 세종특별자치시 보듬4로 9
이디야커피,세종시새롬동점,세종특별자치시,세종특별자치시,세종특별자치시 세종특별자치시 새롬중앙로 33
이디야커피,세종시몰리브점,세종특별자치시,세종특별자치시,세종특별자치시 세종특별자치시 도움1로 108
이디야커피,세종시립도서관점,세종특별자치시,세종특별자치시,세종특별자치시 세종특별자치시 세종로 1219
이디야커피,세종시아름동점,세종특별자치시,세종특별자치시,세종특별자치시 세종특별자치시 보듬3로 91
이디야커피,세종시소담점,세종특별자치시,세종특별자치시,세종특별자치시 세종특별자치시 소담1로 12
EDIYACOFFEE,,세종특별자치시,세종특별자치시,세종특별자치시 세종특별자치시 소담1로 12
이디야커피,세종시조치원점,세종특별자치시,세종특별자치시,세종특별자치시 세종특별자치시 조치원읍 조치원로 19-2
이디야커피,,세종특별자치시,세종특별자치시,세종특별자치시 세종특별자치시 노을3로 29
이디야커피,세종시첫마을점,세종특별자치시,세종특별자치시,세종특별자치시 세종특별자치시 나리1로 16
이디야커피,조치원죽림점,세종특별자치시,세종특별자치시,세종특별자치시 세종특별자치시 조치원읍 세종로 2282
이디야커피,갈매점,세종특별자치시,세종특별자치시,세종특별자치시 세종특별자치시 갈매로 353
이디야커피,문수아이파크점,울산광역시,남구,울산광역시 남구 문수로423번길 14
이디야커피,울산달삼로점,울산광역시,남구,울산광역시 남구 달삼로 7
이디야커피,울산산하동점,울산광역시,북구,울산광역시 북구 화암1길 56
이디야커피,울산화정엠코타운점,울산광역시,동구,울산광역시 동구 화진8길 48
이디야커피,언양읍성점,울산광역시,울주군,울산광역시 울주군 언양읍 읍성로 123
이디야커피,울산여천천점,울산광역시,남구,울산광역시 남구 도산로 111
이디야커피,울산일산해수욕장점,울산광역시,동구,울산광역시 동구 해수욕장7길 10
이디야커피,울산구영범서점,울산광역시,울주군,울산광역시 울주군 범서읍 대리2길 31
이디야커피,삼신초교점,울산광역시,남구,울산광역시 남구 돋질로257번길 23
이디야커피,학성공원점,울산광역시,중구,울산광역시 중구 학성공원13길 44
이디야커피,울산방어진점,울산광역시,동구,울산광역시 동구 내진길 27
이디야커피,울산진장점,울산광역시,북구,울산광역시 북구 진장로 30
이디야커피,울산북구청점,울산광역시,북구,울산광역시 북구 산업로 1003
이디야커피,울산서부동점,울산광역시,동구,울산광역시 동구 방어진순환도로 995
이디야커피,,울산광역시,북구,울산광역시 북구 중산2길 2
이디야커피,울산병원점,울산광역시,남구,울산광역시 남구 월평로171번길 19
이디야커피,달천점,울산광역시,북구,울산광역시 북구 가재길 14
이디야커피,,울산광역시,남구,울산광역시 남구 돋질로 297
이디야커피,울산온산점,울산광역시,울주군,울산광역시 울주군 온산읍 신경5길 37
이디야커피달동사거리점,달동사거리점,울산광역시,남구,울산광역시 남구 중앙로 149
이디야커피,울산태화강대공원점,울산광역시,중구,울산광역시 중구 신기길 97
EDIYACOFFEE,,울산광역시,남구,울산광역시 남구 도산로 111
이디야커피,울산삼산터미널점,울산광역시,남구,울산광역시 남구 화합로 146
이디야커피,,울산광역시,북구,울산광역시 북구 진장유통로 51-10
이디야커피,송정중앙점,울산광역시,북구,울산광역시 북구 송정16길 16
이디야커피,굴화월드점,울산광역시,울주군,울산광역시 울주군 범서읍 굴화1길 64-10
이디야커피,울산무거초교점,울산광역시,울주군,울산광역시 울주군 범서읍 장검1길 42-2
이디야커피,울산옥동점,울산광역시,남구,울산광역시 남구 문수로 327
이디야커피,선암남영점,울산광역시,남구,울산광역시 남구 두왕로190번길 31
이디야커피,,울산광역시,울주군,울산광역시 울주군 온양읍 보곡1길 30-10
이디야커피,울산송정점,울산광역시,북구,울산광역시 북구 화산중앙로 94-5
이디야커피,울산파크폴리스점,울산광역시,남구,울산광역시 남구 대공원로 241
이디야커피,삼산아데라움점,울산광역시,남구,울산광역시 남구 정동로 136
이디야커피,,울산광역시,중구,울산광역시 중구 내황14길 50
이디야커피,,울산광역시,울주군,울산광역시 울주군 삼남면 수정가천길 1
이디야커피,울산성안동점,울산광역시,중구,울산광역시 중구 성안로 184
이디야커피,울산우정중앙점,울산광역시,중구,울산광역시 중구 우정3길 20
이디야커피,울산번영로점,울산광역시,남구,울산광역시 남구 번영로 173
이디야커피울산야음루첸점,울산야음루첸점,울산광역시,남구,울산광역시 남구 신선로 167-1
이디야커피,울산정자해변점,울산광역시,북구,울산광역시 북구 동해안로 1623
이디야커피,,울산광역시,중구,울산광역시 중구 반구정15길 8
울산이디야,송정점,울산광역시,북구,울산광역시 북구 화산중앙로 94-5
이디야커피,울산남구점,울산광역시,남구,울산광역시 남구 왕생로 97
이디야커피,울산삼호점,울산광역시,남구,울산광역시 남구 북부순환도로13번길 4
이디야커피,울산청량점,울산광역시,울주군,울산광역시 울주군 청량면 상남길 66-4
이디야커피,울산야음롯데캐슬점,울산광역시,남구,울산광역시 남구 신선로74번길 5
이디야커피숍,,울산광역시,동구,울산광역시 동구 화진8길 48
이디야커피,본동점,울산광역시,남구,울산광역시 남구 삼산로331번길 13
이디야커피복산점,복산점,울산광역시,중구,울산광역시 중구 번영로 395
이디야커피,다운동점,울산광역시,중구,울산광역시 중구 다운로 122
이디야커피,울산야음루첸점,울산광역시,남구,울산광역시 남구 신선로 169
이디야커피,울산모다아울렛점,울산광역시,북구,울산광역시 북구 진장유통로 78-6
이디야커피,울산매곡에일린점,울산광역시,북구,울산광역시 북구 호계매곡1로 65
이디야커피,울산문수로점,울산광역시,남구,울산광역시 남구 문수로 390
이디야커피,,울산광역시,북구,울산광역시 북구 상방6길 3
이디야커피,울산전하스위첸점,울산광역시,동구,울산광역시 동구 바드래1길 45
이디야커피,울산삼호점,울산광역시,남구,울산광역시 남구 북부순환도로19번길 4
이디야커피,울산신천베스트점,울산광역시,북구,울산광역시 북구 매곡1로 55-22
이디야커피,울산매곡점,울산광역시,북구,울산광역시 북구 괴정1길 120
이디야커피,울산언양교동점,울산광역시,울주군,울산광역시 울주군 삼남면 교동로 133
이디야커피,대현점,울산광역시,남구,울산광역시 남구 수암로178번길 5-5
이디야커피,삼산중앙점,울산광역시,남구,울산광역시 남구 돋질로302번길 27
이디야커피,울산우정혁신점,울산광역시,중구,울산광역시 중구 종가5길 78-2
이디야커피,울산태화먹거리단지점,울산광역시,중구,울산광역시 중구 내오산로 75
이디야커피,울산이마트점,울산광역시,남구,울산광역시 남구 남중로 48
이디야커피,울산병영오거리점,울산광역시,중구,울산광역시 중구 곽남길 5
이디야커피,울산무거동점,울산광역시,남구,울산광역시 남구 신복로 36
이디야커피,,울산광역시,울주군,울산광역시 울주군 언양읍 읍성로 119
이디야커피,울산신정푸르지오점,울산광역시,남구,울산광역시 남구 월평로85번길 26-1
이디야커피,울산홈플러스점,울산광역시,중구,울산광역시 중구 번영로 475
이디야커피,화정동점,울산광역시,동구,울산광역시 동구 대학길 75
이디야커피,울산네오골프점,울산광역시,북구,울산광역시 북구 관문길 40
이디야커피,울산하나로마트점,울산광역시,북구,울산광역시 북구 진장유통로 90
이디야커피,울산세이브존점,울산광역시,남구,울산광역시 남구 번영로250번길 18
이디야커피,울산삼산초교점,울산광역시,남구,울산광역시 남구 돋질로 410
이디야커피,농소초교점,울산광역시,북구,울산광역시 북구 호계2길 3
이디야커피,울산도서관점,울산광역시,남구,울산광역시 남구 꽃대나리로 140
이디야커피,삼산사거리점,인천광역시,부평구,인천광역시 부평구 평천로 388
이디야커피,구월중앙점,인천광역시,남동구,인천광역시 남동구 선수촌공원로 37
이디야커피,소래포구역점,인천광역시,남동구,인천광역시 남동구 소래역로 28
이디야커피,구월아시아드점,인천광역시,남동구,인천광역시 남동구 인하로 608
이디야커피,인천강화점,인천광역시,강화군,인천광역시 강화군 강화읍 강화대로 392
이디야커피,인천주안점,인천광역시,미추홀구,인천광역시 남구 주안중로 50
이디야커피,제물포역점,인천광역시,미추홀구,인천광역시 남구 경인로 129
이디야커피,,인천광역시,남동구,인천광역시 남동구 구월남로268번길 1
이디야커피,부평동점,인천광역시,부평구,인천광역시 부평구 경원대로 1404
이디야커피,작전역점,인천광역시,계양구,인천광역시 계양구 봉오대로 671
이디야커피,인천구읍뱃터점,인천광역시,중구,인천광역시 중구 은하수로29번길 48
이디야커피,남동공단점,인천광역시,남동구,인천광역시 남동구 능허대로 637
이디야커피,인천동양점,인천광역시,계양구,인천광역시 계양구 양지로 30
이디야커피,만수로데오점,인천광역시,남동구,인천광역시 남동구 장승남로 65-1
이디야커피인천구월문화점,인천구월문화점,인천광역시,남동구,인천광역시 남동구 문화로 85
이디야커피,구월동길동병원,인천광역시,남동구,인천광역시 남동구 구월남로 163
이디야커피,임학점,인천광역시,계양구,인천광역시 계양구 장제로 891
이디야커피,부평산곡이수점,인천광역시,부평구,인천광역시 부평구 마장로272번길 57
이디야커피,계양롯데마트점,인천광역시,계양구,인천광역시 계양구 장제로 822
이디야커피,인천강남시장점,인천광역시,서구,인천광역시 서구 가정로 304
이디야커피,부평시장역점,인천광역시,부평구,인천광역시 부평구 부평대로 69
이디야커피,인천국제성모병원점,인천광역시,서구,인천광역시 서구 심곡로100번길 31
이디야커피,인천청학점,인천광역시,연수구,인천광역시 연수구 비류대로294번길 32-5
이디야커피,인천갈산동점,인천광역시,부평구,인천광역시 부평구 주부토로 182
이디야커피,부평아이즈빌딩점,인천광역시,부평구,인천광역시 부평구 마장로 473
이디야커피,계산현대점,인천광역시,계양구,인천광역시 계양구 계산로 149
이디야커피을왕리점,을왕리점,인천광역시,중구,인천광역시 중구 을왕로 10
이디야커피,선학역점,인천광역시,연수구,인천광역시 연수구 학나래로118번길 45
이디야커피,석남점,인천광역시,서구,인천광역시 서구 가정로 237-1
이디야커피,청라초은점,인천광역시,서구,인천광역시 서구 청라에메랄드로41번길 32
이디야커피,인천송현점,인천광역시,동구,인천광역시 동구 수문통로 54
이디야커피,엠파크점,인천광역시,서구,인천광역시 서구 봉수대로 158
이디야커피,송도역점,인천광역시,연수구,인천광역시 연수구 비류대로 202
코레일유통이디야커피전문점,,인천광역시,미추홀구,"인천광역시 미추홀구 소성로 240, (학익동, 영남들국화아파트)"
이디야커피,부평삼산중앙점,인천광역시,부평구,인천광역시 부평구 후정동로 21
이디야커피,부평부개동점,인천광역시,부평구,인천광역시 부평구 길주남로 108-1
이디야커피,경인교대정문점,인천광역시,계양구,인천광역시 계양구 향교로 1
이디야커피,간석홈플러스점,인천광역시,남동구,인천광역시 남동구 경원대로 971
이디야커피,인천서창점,인천광역시,남동구,인천광역시 남동구 서창남로 71
EDIYACOFFEE,,인천광역시,미추홀구,"인천광역시 미추홀구 소성로 240, (학익동, 영남들국화아파트)"
이디야커피,부평중앙점,인천광역시,부평구,인천광역시 부평구 시장로 23
이디야커피,인천연수점,인천광역시,연수구,인천광역시 연수구 먼우금로 299
이디야커피,청라스퀘어점,인천광역시,서구,인천광역시 서구 청라루비로 76
이디야커피,가정점,인천광역시,서구,인천광역시 서구 봉오재3로 100
이디야커피,부평현대점,인천광역시,부평구,인천광역시 부평구 경원대로 1262-1
이디야커피,만수주공점,인천광역시,남동구,인천광역시 남동구 만수로50번길 25
이디야커피,인천부개역점,인천광역시,부평구,인천광역시 부평구 수변로10번길 48
이디야커피,계산중앙점,인천광역시,계양구,인천광역시 계양구 경명대로 1147
이디야커피,인천송도학원가점,인천광역시,연수구,인천광역시 연수구 신송로 165-10
이디야커피,부평하늘채점,인천광역시,부평구,인천광역시 부평구 부흥로 408
이디야커피,인천서창점,인천광역시,남동구,인천광역시 남동구 서창남로 52
이디야커피,,인천광역시,중구,인천광역시 중구 햇내로안길 6
이디야커피,,인천광역시,중구,인천광역시 중구 제물량로 128
이디야커피,송도센트럴점,인천광역시,연수구,인천광역시 연수구 테크노파크로111번길 8
이디야커피,인천만월점,인천광역시,남동구,인천광역시 남동구 호구포로 915
이디야커피,,인천광역시,계양구,인천광역시 계양구 봉오대로 785
이디야커피,인천남촌동점,인천광역시,남동구,인천광역시 남동구 남촌동로3번길 36
이디야커피,,인천광역시,연수구,인천광역시 연수구 샘말로7번길 2
이디야커피,인천간석자유시장점,인천광역시,남동구,인천광역시 남동구 용천로 156
이디야커피,송도유원지점,인천광역시,연수구,인천광역시 연수구 청량로79번길 30
이디야커피,인천동수역점,인천광역시,부평구,인천광역시 부평구 경인로 871-1
이디야커피,인천시민공원점,인천광역시,미추홀구,"인천광역시 미추홀구 소성로 240, (학익동, 영남들국화아파트)"
이디야커피,송도아트포레점,인천광역시,연수구,인천광역시 연수구 인천타워대로 257
이디야커피,홈플러스인천연수점,인천광역시,연수구,인천광역시 연수구 청능대로 210
이디야커피,인천가정지구점,인천광역시,서구,인천광역시 서구 청중로 486
이디야커피,인천서창중앙점,인천광역시,남동구,인천광역시 남동구 장아산로 137
이디야커피,인천만수역점,인천광역시,남동구,인천광역시 남동구 구월로 350
이디야커피,구월팬더점,인천광역시,남동구,인천광역시 남동구 인주대로 665
이디야커피,송도캠퍼스타운점,인천광역시,연수구,인천광역시 연수구 송도과학로27번길 55
이디야커피,월미도점,인천광역시,중구,인천광역시 중구 월미로234번길 10
이디야커피,백운역점,인천광역시,부평구,인천광역시 부평구 이규보로 141
이디야커피,경서점,인천광역시,서구,인천광역시 서구 도요지로 24
이디야커피,블루텍점,인천광역시,서구,인천광역시 서구 보듬6로 10
이디야커피,구월로데오점,인천광역시,남동구,인천광역시 남동구 인하로 497-28
이디야커피,간석오거리점,인천광역시,남동구,인천광역시 남동구 백범로 406
이디야커피,인천가좌진주점,인천광역시,서구,인천광역시 서구 장고개로337번길 18-3
이디야커피,산곡한화점,인천광역시,부평구,인천광역시 부평구 마장로 320
이디야커피,청라제일풍경채점,인천광역시,서구,인천광역시 서구 청라커낼로 321
이디야커피인천학익점,인천학익점,인천광역시,미추홀구,"인천광역시 미추홀구 소성로 240, (학익동, 영남들국화아파트)"
이디야커피,갈산역점,인천광역시,부평구,인천광역시 부평구 부평대로 301
이디야커피,인천모다아울렛점,인천광역시,서구,인천광역시 서구 북항로32번안길 50
이디야커피,,인천광역시,중구,인천광역시 중구 운중로 45
이디야커피,인천영흥도점,인천광역시,옹진군,인천광역시 옹진군 영흥면 영흥로 252
이디야커피,운남중앙점,인천광역시,중구,인천광역시 중구 운남안길 16
이디야커피,송도라이트홈점,인천광역시,연수구,인천광역시 연수구 첨단대로 80
이디야부평굴다리,,인천광역시,부평구,인천광역시 부평구 부일로9번길 5
이디야커피,영흥도점,인천광역시,옹진군,인천광역시 옹진군 영흥면 영흥로 256
이디야커피,가정고점,인천광역시,서구,인천광역시 서구 서달로 159
이디야커피인천관교점,인천관교점,인천광역시,미추홀구,"인천광역시 미추홀구 소성로 240, (학익동, 영남들국화아파트)"
이디야커피,인천예술회관역점,인천광역시,남동구,인천광역시 남동구 인주대로 582
이디야커피,송도글로벌캠퍼스점,인천광역시,연수구,인천광역시 연수구 송도문화로28번길 28
이디야커피,부평미래타운점,인천광역시,부평구,인천광역시 부평구 부평북로 442
이디야커피,인천예단포점,인천광역시,중구,인천광역시 중구 미단소망로 60
이디야커피,인천신현점,인천광역시,서구,인천광역시 서구 가정로 350
이디야커피,논현소래점,인천광역시,남동구,인천광역시 남동구 포구로 77
이디야커피,부평동수로점,인천광역시,부평구,인천광역시 부평구 동수로 129
이디야커피,인천도림점,인천광역시,남동구,인천광역시 남동구 논고개로 311-1
이디야커피,영종센트럴타워점,인천광역시,중구,인천광역시 중구 영종대로196번길 15-10
이디야커피,구월힐캐슬점,인천광역시,남동구,인천광역시 남동구 구월로 192
이디야커피,,인천광역시,계양구,인천광역시 계양구 오조산로57번길 15
이디야커피,인천신포점,인천광역시,중구,인천광역시 중구 개항로 28-2
이디야커피,가좌역점,인천광역시,서구,인천광역시 서구 장고개로243번길 25
이디야커피,,인천광역시,계양구,인천광역시 계양구 장제로 738
이디야커피,송도해양경찰청점,인천광역시,연수구,인천광역시 연수구 신송로125번길 13
이디야커피,신기시장점,인천광역시,미추홀구,"인천광역시 미추홀구 주승로 148, (주안동, 신비마을아파트)"
이디야커피,호구포점,인천광역시,남동구,인천광역시 남동구 호구포로 219
이디야커피,,인천광역시,계양구,인천광역시 계양구 장제로 1013
이디야커피,장기점,인천광역시,계양구,인천광역시 계양구 장기로 34
이디야커피,엑슬루점,인천광역시,서구,인천광역시 서구 중봉대로586번길 22
이디야커피,인천CGV점,인천광역시,남동구,인천광역시 남동구 예술로 206
이디야전문점,,인천광역시,부평구,인천광역시 부평구 마장로 473
이디야커피,영종하늘도시점,인천광역시,중구,인천광역시 중구 하늘달빛로 70
이디야커피,을왕리점,인천광역시,중구,인천광역시 중구 을왕로 10
이디야커피,인천오류지구점,인천광역시,서구,인천광역시 서구 단봉로 97-7
이디야커피,부평보건소점,인천광역시,부평구,인천광역시 부평구 부흥로293번길 8
이디야커피,인천거북시장점,인천광역시,서구,인천광역시 서구 거북로 89
이디야커피,용현점,인천광역시,미추홀구,"인천광역시 미추홀구 매소홀로 340, (학익동, 풍림아이원)"
이디야커피,,인천광역시,남동구,인천광역시 남동구 구월로276번길 45
이디야커피,인천가좌신명점,인천광역시,서구,인천광역시 서구 가정로 127-1
이디야커피,청라점,인천광역시,서구,인천광역시 서구 중봉대로612번길 10-12
이디야커피,,인천광역시,미추홀구,인천광역시 미추홀구 석정로 271
이디야커피,송도타임스페이스점,인천광역시,연수구,인천광역시 연수구 하모니로 158
이디야커피,인천보훈병원점,인천광역시,미추홀구,인천광역시 미추홀구 인주대로 147
이디야커피,인천작전중앙점,인천광역시,계양구,인천광역시 계양구 장제로 708
이디야커피,인천청라커넬웨이점,인천광역시,서구,인천광역시 서구 청라한내로100번길 8-28
이디야커피,청천점,인천광역시,부평구,인천광역시 부평구 세월천로 34
이디야커피,인천시청점,인천광역시,남동구,인천광역시 남동구 구월로 123
이디야커피,평화광장점,전라남도,목포시,전라남도 목포시 미항로 131
이디야커피,광양포스코점,전라남도,광양시,전라남도 광양시 희망1길 69
이디야커피,광양중동점,전라남도,광양시,전라남도 광양시 광장로 103
이디야커피,무안점,전라남도,무안군,전라남도 무안군 무안읍 불무로 28
이디야커피,나주빛가람종합병원점,전라남도,나주시,전라남도 나주시 도민길 24-3
이디야커피,광양시청점,전라남도,광양시,전라남도 광양시 중마중앙로 149
이디야커피,광양덕례점,전라남도,광양시,전라남도 광양시 광양읍 대림오성로 59
이디야커피,순천대점,전라남도,순천시,전라남도 순천시 중앙로 255
이디야커피,목포중앙점,전라남도,목포시,전라남도 목포시 연산로 165-1
이디야커피,여수봉계점,전라남도,여수시,전라남도 여수시 봉계대곡길 32
이디야커피나주혁신점,나주혁신점,전라남도,나주시,전라남도 나주시 전력로 6
이디야커피,해남구교점,전라남도,해남군,전라남도 해남군 해남읍 구교3길 8-3
이디야커피,여수여서점,전라남도,여수시,전라남도 여수시 여서1로 59
이디야커피,순천역점,전라남도,순천시,전라남도 순천시 팔마로 126
이디야커피,목포하당점,전라남도,목포시,전라남도 목포시 비파로51번길 10
이디야커피,순천이마트점,전라남도,순천시,전라남도 순천시 팔마로 191
이디야커피,광양마동점,전라남도,광양시,전라남도 광양시 사동로 180
이디야커피,장흥점,전라남도,장흥군,전라남도 장흥군 장흥읍 흥성로 31
이디야커피,해남터미널점,전라남도,해남군,전라남도 해남군 해남읍 중앙1로 2-14
이디야커피,목포백련점,전라남도,목포시,전라남도 목포시 연산백련로7번길 2-14
이디야커피,금당버드내점,전라남도,순천시,전라남도 순천시 대석길 46
이디야커피,나주빛가람점,전라남도,나주시,전라남도 나주시 문화로 204
이디야커피,순천대정문점,전라남도,순천시,전라남도 순천시 중앙로 270
이디야커피영광백수해안도로점,영광백수해안도로점,전라남도,영광군,전라남도 영광군 백수읍 해안로 918
이디야커피,목포법원점,전라남도,목포시,전라남도 목포시 후광대로105번길 13
이디야커피,고흥군청점,전라남도,고흥군,전라남도 고흥군 고흥읍 고흥군청로 26
이디야커피,여수자산공원점,전라남도,여수시,전라남도 여수시 자산공원길 88
이디야커피광양포스코점,광양포스코점,전라남도,광양시,전라남도 광양시 폭포사랑길 8
이디야커피,,전라남도,여수시,전라남도 여수시 오동도로 61-18
이디야커피광양포스코점,광양포스코점,전라남도,광양시,전라남도 광양시 희망길 74
이디야커피,,전라남도,영암군,전라남도 영암군 삼호읍 대불주거로 211
이디야커피,여수엑스포점,전라남도,여수시,전라남도 여수시 오동도로 61-20
이디야커피,여수시청점,전라남도,여수시,전라남도 여수시 시청동1길 17
이디야커피,학동점,전라남도,여수시,전라남도 여수시 시청로 42
이디야커피,순천금당신흥점,전라남도,순천시,전라남도 순천시 장선배기길 110
이디야커피,순천풍덕홈플러스점,전라남도,순천시,전라남도 순천시 팔마로 222
이디야커피,북항점,전라남도,목포시,전라남도 목포시 청호로219번길 34-15
이디야커피,영광점,전라남도,영광군,전라남도 영광군 영광읍 신남로 150
이디야커피순천중앙점,순천중앙점,전라남도,순천시,전라남도 순천시 연자로 3
이디야커피,화장점,전라남도,여수시,전라남도 여수시 화산로 42-1
이디야커피,고흥녹동점,전라남도,고흥군,전라남도 고흥군 도양읍 녹동신항1길 32
이디야커피,COFEE목포대점,전라남도,무안군,전라남도 무안군 청계면 도림길 92-2
이디야커피,광양칠성점,전라남도,광양시,전라남도 광양시 광양읍 매천로 739
이디야커피,여수소호점,전라남도,여수시,전라남도 여수시 소호로 481
이디야커피,평광점,전라남도,목포시,전라남도 목포시 원형로 7
이디야커피,광양홈플러스점,전라남도,광양시,전라남도 광양시 항만11로 70
이디야커피,목포부영점,전라남도,목포시,전라남도 목포시 옥암로 42
이디야커피강진점,강진점,전라남도,강진군,전라남도 강진군 강진읍 영랑로 5
이디야커피,순천오천점,전라남도,순천시,전라남도 순천시 오천5길 8
이디야커피,순천신대점,전라남도,순천시,전라남도 순천시 해룡면 신대1길 4-21
이디야커피,여수해양공원점,전라남도,여수시,전라남도 여수시 이순신광장로 159
이디야커피,신기점,전라남도,여수시,전라남도 여수시 새터로 61
이디야커피,여수선소점,전라남도,여수시,전라남도 여수시 소호로 614
이디야커피,완도점,전라남도,완도군,전라남도 완도군 완도읍 개포로114번길 30
이디야커피,여수여서로터리점,전라남도,여수시,전라남도 여수시 여서로 164
이디야커피,여수대교동점,전라남도,여수시,전라남도 여수시 대교로 30
이디야커피,순천조례점,전라남도,순천시,전라남도 순천시 왕궁길 25
이디야커피,나주남평강변점,전라남도,나주시,전라남도 나주시 남평읍 강변1길 8
이디야커피,고흥점,전라남도,고흥군,전라남도 고흥군 고흥읍 봉동주공길 11-2
이디야커피,순천연향점,전라남도,순천시,전라남도 순천시 연향번영길 102
이디야커피,순천금당동부점,전라남도,순천시,전라남도 순천시 기적의도서관1길 21
이디야커피,순천용당점,전라남도,순천시,전라남도 순천시 삼산로 103-9
이디야커피,곡성점,전라남도,곡성군,전라남도 곡성군 곡성읍 군청로 3
이디야커피,장성점,전라남도,장성군,전라남도 장성군 장성읍 영천로 162
이디야커피,전남도청점,전라남도,무안군,전라남도 무안군 삼향읍 대죽동로 43
이디야커피,담양터미널점,전라남도,담양군,전라남도 담양군 담양읍 중앙로 21
이디야커피,,전라남도,나주시,전라남도 나주시 상야4길 16-16
이디야커피,쌍봉점,전라남도,여수시,전라남도 여수시 흥국로 32
이디야커피,순천터미널점,전라남도,순천시,전라남도 순천시 장천3길 4
이디야커피,순천법원점,전라남도,순천시,전라남도 순천시 왕지5길 13-5
이디야커피,산정점,전라남도,목포시,전라남도 목포시 청호로 160
이디야에스프레소,,전라남도,영광군,전라남도 영광군 영광읍 신남로 150
이디야커피,구례점,전라남도,구례군,전라남도 구례군 구례읍 중앙로 41
이디야커피,호수공원점,전라남도,순천시,전라남도 순천시 왕지4길 21
이디야커피,여수한재DT점,전라남도,여수시,전라남도 여수시 한재로 118
이디야커피,목포상동점,전라남도,목포시,전라남도 목포시 하당로 264
이디야커피,목포기독병원점,전라남도,목포시,전라남도 목포시 백년대로297번길 7
이디야커피,무안남악롯데마트점,전라남도,무안군,전라남도 무안군 삼향읍 남악로162번길 80
이디야커피,화순삼천리점,전라남도,화순군,전라남도 화순군 화순읍 쌍충로 27
이디야커피,여수웅천디아일랜드점,전라남도,여수시,전라남도 여수시 웅천남4로 17
이디야커피,,전라북도,전주시 완산구,전라북도 전주시 완산구 오정1길 4
이디야커피김제터미널점,김제터미널점,전라북도,김제시,전라북도 김제시 동서로 241
이디야커피,정읍중앙점,전라북도,정읍시,전라북도 정읍시 중앙로 125
이디야커피,,전라북도,전주시 덕진구,전라북도 전주시 덕진구 기린대로 398
이디야커피,군산시민문화회관점,전라북도,군산시,전라북도 군산시 대학로 316
이디야커피,군산조촌점,전라북도,군산시,전라북도 군산시 경촌2길 36-2
이디야커피,전주효천우미린점,전라북도,전주시 완산구,전라북도 전주시 완산구 효천천변길 20
이디야커피군산수송동점,군산수송동점,전라북도,군산시,전라북도 군산시 수송로 174
이디야커피,진북점,전라북도,전주시 덕진구,전라북도 전주시 덕진구 태진로 110
이디야커피익산어양동점,익산어양동점,전라북도,익산시,전라북도 익산시 무왕로 1135
이디야커피,송천점,전라북도,전주시 덕진구,전라북도 전주시 덕진구 송천중앙로 220
이디야커피,군산지곡동점,전라북도,군산시,전라북도 군산시 계산로 89
이디야커피,전주중산점,전라북도,전주시 완산구,전라북도 전주시 완산구 중산중앙로 7
이디야커피,아중점,전라북도,전주시 덕진구,전라북도 전주시 덕진구 건산로 250
이디야커피,완주제일점,전라북도,완주군,전라북도 완주군 봉동읍 봉동로 160
이디야커피,서신점,전라북도,전주시 완산구,전라북도 전주시 완산구 여울로 17-8
이디야커피고창터미널점,고창터미널점,전라북도,고창군,전라북도 고창군 고창읍 중앙로 191
이디야커피,전북진안점,전라북도,진안군,전라북도 진안군 진안읍 우화산길 9
이디야커피,익산시청점,전라북도,익산시,전라북도 익산시 인북로32길 10
이디야커피,근대역사점,전라북도,군산시,전라북도 군산시 구영7길 101
이디야커피,장수점,전라북도,장수군,전라북도 장수군 장수읍 싸리재로 6
이디야커피,본병원점,전라북도,전주시 완산구,전라북도 전주시 완산구 화산천변6길 3
이디야커피,군산나운점,전라북도,군산시,전라북도 군산시 하나운로 28
이디야커피격포점,격포점,전라북도,부안군,전라북도 부안군 변산면 격포로 142
이디야커피익산역점,익산역점,전라북도,익산시,전라북도 익산시 익산대로 158
이디야커피,근영여고점,전라북도,전주시 완산구,전라북도 전주시 완산구 백제대로 276
이디야커피전주반월동점,전주반월동점,전라북도,전주시 덕진구,전라북도 전주시 덕진구 쪽구름로 107
이디야커피전주팔복동점,전주팔복동점,전라북도,전주시 덕진구,전라북도 전주시 덕진구 기린대로 693
이디야커피,남원중앙점,전라북도,남원시,전라북도 남원시 남문로 451
이디야커피,우아한시티점,전라북도,전주시 덕진구,전라북도 전주시 덕진구 우아로 32
이디야커피전주고속터미널점,전주고속터미널점,전라북도,전주시 덕진구,전라북도 전주시 덕진구 전주천동로 464
이디야커피,,전라북도,전주시 완산구,전라북도 전주시 완산구 홍산로 14
이디야커피,전주평화사거리점,전라북도,전주시 완산구,전라북도 전주시 완산구 모악로 4766
이디야커피,송학점,전라북도,익산시,전라북도 익산시 평동로 509-21
이디야커피,전주송천용소점,전라북도,전주시 덕진구,전라북도 전주시 덕진구 시천로 50
이디야커피,무주점,전라북도,무주군,전라북도 무주군 무주읍 향학로 37
이디야커피,임실점,전라북도,임실군,전라북도 임실군 임실읍 운수로 19
이디야커피,전주고사점,전라북도,전주시 완산구,전라북도 전주시 완산구 전주객사5길 32
이디야안골네거리,,전라북도,전주시 덕진구,전라북도 전주시 덕진구 안덕원로 248
이디야커피,순창점,전라북도,순창군,전라북도 순창군 순창읍 순창로 211
이디야커피,,전라북도,부안군,전라북도 부안군 부안읍 오정2길 38
이디야커피,전주효자점,전라북도,전주시 완산구,전라북도 전주시 완산구 효자천변2길 11
이디야커피,서부시장점,전라북도,전주시 완산구,전라북도 전주시 완산구 용머리로 167
이디야커피,전주호반5차점,전라북도,완주군,전라북도 완주군 이서면 출판로 40
이디야커피익산터미널점,익산터미널점,전라북도,익산시,전라북도 익산시 익산대로 58-3
이디야커피,격포점,전라북도,부안군,전라북도 부안군 변산면 격포로 144
이디야커피,전동점,전라북도,전주시 완산구,전라북도 전주시 완산구 팔달로 130
이디야커피,어양동점,전라북도,익산시,전라북도 익산시 무왕로 1133
이디야커피,전주사대부고점,전라북도,전주시 덕진구,전라북도 전주시 덕진구 삼송5길 14-14
이디야커피,,전라북도,완주군,전라북도 완주군 이서면 출판로 26-3
이디야커피,전주에코세병호점,전라북도,전주시 덕진구,전라북도 전주시 덕진구 세병로 174-9
이디야커피,군산산북동점,전라북도,군산시,전라북도 군산시 동아로 155
이디야커피,,전라북도,완주군,전라북도 완주군 구이면 모악산길 107
이디야커피,부안내소사점,전라북도,부안군,전라북도 부안군 진서면 내소사로 183
이디야커피,정읍상동점,전라북도,정읍시,전라북도 정읍시 중앙로 276
이디야커피,,전라북도,전주시 완산구,전라북도 전주시 완산구 마전2길 17-8
이디야커피,시외버스터미널점,전라북도,전주시 덕진구,전라북도 전주시 덕진구 가리내로 33
이디야커피,전주사대부고점,전라북도,전주시 덕진구,전라북도 전주시 덕진구 삼송5길 14-23
이디야커피,이마트군산점,전라북도,군산시,전라북도 군산시 구암31로 137
이디야커피,전주평화점,전라북도,전주시 완산구,전라북도 전주시 완산구 소대배기로 12
이디야커피,익산제일점,전라북도,익산시,전라북도 익산시 고봉로24길 38
이디야커피,에코점,전라북도,전주시 덕진구,전라북도 전주시 덕진구 세병서로 22
이디야커피,익산영등동점,전라북도,익산시,전라북도 익산시 무왕로 1072-1
이디야커피,전주하가지구점,전라북도,전주시 덕진구,전라북도 전주시 덕진구 가련산로 10
이디야커피,만성골드점,전라북도,전주시 덕진구,전라북도 전주시 덕진구 만성북로 51-5
이디야커피,전주기지제호수점,전라북도,전주시 덕진구,전라북도 전주시 덕진구 중동로 104-6
이디야커피제주중문점,제주중문점,제주특별자치도,서귀포시,제주특별자치도 서귀포시 중문관광로 42
이디야커피,에스프레소제주노형점,제주특별자치도,제주시,제주특별자치도 제주시 달마루길 10-1
이디야커피,삼도점,제주특별자치도,제주시,제주특별자치도 제주시 서사로 90
이디야커피,제주한림점,제주특별자치도,제주시,제주특별자치도 제주시 한림읍 한림로 711
이디야커피,제주화북점,제주특별자치도,제주시,제주특별자치도 제주시 동화로 12-2
이디야커피한라수목원점,한라수목원점,제주특별자치도,제주시,제주특별자치도 제주시 수목원길 9
이디야커피,성산점,제주특별자치도,서귀포시,제주특별자치도 서귀포시 성산읍 성산중앙로 43
이디야커피서귀포이마트점,서귀포이마트점,제주특별자치도,서귀포시,제주특별자치도 서귀포시 일주동로 9209
이디야커피,제주연북로점,제주특별자치도,제주시,제주특별자치도 제주시 연북로 34
이디야커피,송악산점,제주특별자치도,서귀포시,제주특별자치도 서귀포시 대정읍 최남단해안로 578
이디야커피,중앙점,제주특별자치도,제주시,제주특별자치도 제주시 관덕로13길 2
이디야커피,서귀포점,제주특별자치도,서귀포시,제주특별자치도 서귀포시 중앙로 90
이디야커피,제주중문관광로점,제주특별자치도,서귀포시,제주특별자치도 서귀포시 중문관광로 348
이디야커피,시청고산동산점,제주특별자치도,제주시,제주특별자치도 제주시 중앙로 264
이디야커피,위미점,제주특별자치도,서귀포시,제주특별자치도 서귀포시 남원읍 태위로 88
이디야커피,제주외도점,제주특별자치도,제주시,제주특별자치도 제주시 우정로5길 4
이디야커피,천안구성동점,충청남도,천안시 동남구,충청남도 천안시 동남구 충절로 311
이디야커피,,충청남도,서산시,충청남도 서산시 성연면 성연1로 21
이디야커피,서산석림점,충청남도,서산시,충청남도 서산시 동서1로 51
이디야커피,홍성중앙점,충청남도,홍성군,충청남도 홍성군 홍성읍 조양로144번길 10
이디야커피,충남당진점,충청남도,당진시,충청남도 당진시 대덕1로 125-30
이디야커피,,충청남도,예산군,충청남도 예산군 예산읍 벚꽃로127번길 16
이디야커피,대천죽정동점,충청남도,보령시,충청남도 보령시 지장골길 99
이디야커피안면점,안면점,충청남도,태안군,충청남도 태안군 안면읍 장터로 105-3
이디야커피,천안터미널점,충청남도,천안시 동남구,충청남도 천안시 동남구 만남로 42
이디야커피,공주신관점,충청남도,공주시,충청남도 공주시 흑수골길 40
이디야커피,천안월봉4로점,충청남도,천안시 서북구,충청남도 천안시 서북구 월봉11길 21
이디야커피,천안성성점,충청남도,천안시 서북구,충청남도 천안시 서북구 성성8로 14-20
이디야커피,,충청남도,예산군,충청남도 예산군 삽교읍 청사로 202
이디야커피,아산탕정점,충청남도,아산시,충청남도 아산시 탕정면 탕정면로8번길 83
이디야커피,서산한서대점,충청남도,서산시,충청남도 서산시 해미면 한서1로 39
이디야커피,동학사점,충청남도,공주시,충청남도 공주시 반포면 동학사1로 266-16
이디야커피논산역점,논산역점,충청남도,논산시,충청남도 논산시 해월로 231
이디야커피,아산배방점,충청남도,아산시,충청남도 아산시 배방읍 모산로 121
이디야커피,남서울대학교점,충청남도,천안시 서북구,충청남도 천안시 서북구 성환읍 성진로 55
이디야커피,대산터미널점,충청남도,서산시,충청남도 서산시 대산읍 정자동2로 25
이디야커피,금산중앙점,충청남도,금산군,충청남도 금산군 금산읍 비단로 309
이디야커피,아산이마트점,충청남도,아산시,충청남도 아산시 온천대로 1678
이디야커피천안상명대점,천안상명대점,충청남도,천안시 동남구,충청남도 천안시 동남구 상명대길 32
이디야커피,온양온천코레일점,충청남도,아산시,충청남도 아산시 온천대로 1496
이디야커피,공주시청점,충청남도,공주시,충청남도 공주시 봉황로 14-1
이디야커피,아산테크노밸리점,충청남도,아산시,충청남도 아산시 둔포면 아산밸리남로 77
이디야커피,단국대학생회관점,충청남도,천안시 동남구,충청남도 천안시 동남구 단대로 119
이디야커피,당진읍내동점,충청남도,당진시,충청남도 당진시 당진중앙2로 221
이디야커피,,충청남도,예산군,충청남도 예산군 덕산면 수덕사안길 42
이디야커피,천안성거길점,충청남도,천안시 서북구,충청남도 천안시 서북구 성거읍 성거길 123
이디야커피,나사렛대학교점,충청남도,천안시 서북구,충청남도 천안시 서북구 쌍용19로 3
이디야커피,천안용암사거리점,충청남도,천안시 서북구,충청남도 천안시 서북구 쌍용1길 21
이디야커피,부여중앙점,충청남도,부여군,충청남도 부여군 부여읍 성왕로 207-8
이디야커피,천안병천점,충청남도,천안시 동남구,충청남도 천안시 동남구 병천면 아우내순대길 35
이디야커피,서산문화회관점,충청남도,서산시,충청남도 서산시 문화로 49
이디야커피,천안성정점,충청남도,천안시 서북구,충청남도 천안시 서북구 서부대로 702
이디야커피,당진유곡점,충청남도,당진시,충청남도 당진시 송산면 유곡6길 25
이디야커피,,충청남도,아산시,충청남도 아산시 번영로 223
이디야커피,천안안서점,충청남도,천안시 동남구,충청남도 천안시 동남구 중암2길 21
이디야커피,,충청남도,천안시 서북구,충청남도 천안시 서북구 한들3로 30
이디야커피,문예의전당점,충청남도,당진시,충청남도 당진시 시청1로 75
이디야커피,덕산읍내점,충청남도,예산군,충청남도 예산군 덕산면 덕산온천로 447
이디야커피,논산터미널점,충청남도,논산시,충청남도 논산시 중앙로422번길 21
이디야커피,천안두정점,충청남도,천안시 서북구,충청남도 천안시 서북구 부성6길 8
이디야커피,아산둔포점,충청남도,아산시,충청남도 아산시 둔포면 둔포중앙로 189
이디야커피장항,,충청남도,서천군,충청남도 서천군 장항읍 장항로 174-1
이디야커피,천안불당신도시점,충청남도,천안시 서북구,충청남도 천안시 서북구 불당32길 24
이디야커피,서천점,충청남도,서천군,충청남도 서천군 서천읍 서천로 30
이디야커피,해미점,충청남도,서산시,충청남도 서산시 해미면 남문2로 116
이디야커피,태안점,충청남도,태안군,충청남도 태안군 태안읍 동문1길 46
이디야커피,공주중동점,충청남도,공주시,충청남도 공주시 무령로 232
이디야커피,천안직산점,충청남도,천안시 서북구,충청남도 천안시 서북구 직산읍 삼은3길 10
이디야커피,서산음암점,충청남도,서산시,충청남도 서산시 음암면 운암로 210
이디야커피,천안청당동점,충청남도,천안시 동남구,충청남도 천안시 동남구 청수11로 13-21
이디야커피,공주월송동점,충청남도,공주시,충청남도 공주시 무령로 592
이디야커피,백석대점,충청남도,천안시 동남구,충청남도 천안시 동남구 문암로 62
이디야커피,부여규암점,충청남도,부여군,충청남도 부여군 규암면 수북로 14-10
이디야커피,당진터미널점,충청남도,당진시,충청남도 당진시 당진중앙2로 447
이디야커피,예산삽교점,충청남도,예산군,충청남도 예산군 삽교읍 삽교로 108
이디야커피,예천점,충청남도,서산시,충청남도 서산시 남부순환로 1025
이디야커피,서산터미널점,충청남도,서산시,충청남도 서산시 안견로 184-8
이디야커피,당진푸르지오점,충청남도,당진시,충청남도 당진시 북문로1길 22
이디야커피,천안불당신도시점,충청남도,천안시 서북구,충청남도 천안시 서북구 불당32길 36
이디야커피,아산삼성A3점,충청남도,아산시,충청남도 아산시 탕정면 탕정로 380-2
이디야커피,,충청남도,천안시 서북구,충청남도 천안시 서북구 성정공원3길 4
이디야커피,당진석문산업단지점,충청남도,당진시,충청남도 당진시 석문면 산단3로9길 10-8
이디야커피,천안맘마마트점,충청남도,천안시 서북구,충청남도 천안시 서북구 월봉로 95
이디야커피,아산메가마트점,충청남도,아산시,충청남도 아산시 외암로 1560
이디야커피,아산삼성8라인점,충청남도,아산시,충청남도 아산시 탕정면 삼성로 181
이디야커피,충북대소점,충청북도,음성군,충청북도 음성군 대소면 대금로 528
이디야커피,광혜원점,충청북도,진천군,충청북도 진천군 광혜원면 중리1길 32-3
이디야커피,단양대명리조트점,충청북도,단양군,충청북도 단양군 단양읍 삼봉로 187-17
이디야커피,충북금왕점,충청북도,음성군,충청북도 음성군 금왕읍 무극로 274
이디야커피,청주대점,충청북도,청주시 청원구,충청북도 청주시 청원구 상당로 261-1
이디야커피,개신점,충청북도,청주시 서원구,충청북도 청주시 서원구 복대로 31
이디야커피,충북영동점,충청북도,영동군,충청북도 영동군 영동읍 영산로 19
이디야커피,충주성서동점,충청북도,충주시,충청북도 충주시 성서7길 33
이디야커피,상당로점,충청북도,청주시 상당구,충청북도 청주시 상당구 상당로 112
이디야커피,장락점,충청북도,제천시,충청북도 제천시 장락로 185-5
이디야커피오창과학단지점,오창과학단지점,충청북도,청주시 청원구,충청북도 청주시 청원구 오창읍 오창대로 315
이디야커피,충북진천대교점,충청북도,진천군,충청북도 진천군 진천읍 백사천길 47
이디야커피,청주성안홈플러스점,충청북도,청주시 상당구,충청북도 청주시 상당구 사직대로 346
이디야커피증평중앙점,증평중앙점,충청북도,증평군,충청북도 증평군 증평읍 광장로 80-1
이디야커피,충주호암점,충청북도,충주시,충청북도 충주시 사천개로 40
이디야커피,청주방서점,충청북도,청주시 상당구,충청북도 청주시 상당구 2순환로2031번길 12-6
이디야커피,청주내수점,충청북도,청주시 청원구,충청북도 청주시 청원구 내수읍 내수로 609-1
이디야커피,청주개신중앙점,충청북도,청주시 서원구,충청북도 청주시 서원구 모충로9번길 3
이디야커피,제천강저점,충청북도,제천시,충청북도 제천시 강저로11나길 13
이디야커피,제천고명점,충청북도,제천시,충청북도 제천시 고명로 6-8
이디야커피,,충청북도,청주시 흥덕구,충청북도 청주시 흥덕구 월명로 212
이디야커피,충북괴산점,충청북도,괴산군,충청북도 괴산군 괴산읍 읍내로11길 4
이디야커피,비하동점,충청북도,청주시 흥덕구,충청북도 청주시 흥덕구 2순환로1168번길 26
이디야커피,충주연수중앙점,충청북도,충주시,충청북도 충주시 번영대로 113
이디야커피,,충청북도,청주시 흥덕구,충청북도 청주시 흥덕구 대신로10번길 6-7
이디야커피,청주복대사거리점,충청북도,청주시 흥덕구,충청북도 청주시 흥덕구 복대로 180
이디야커피,청주복대동점,충청북도,청주시 흥덕구,충청북도 청주시 흥덕구 대신로10번길 15-5
이디야커피,청주하복대점,충청북도,청주시 흥덕구,충청북도 청주시 흥덕구 진재로 46
이디야커피청주분평점,청주분평점,충청북도,청주시 흥덕구,충청북도 청주시 흥덕구 과상미로66번길 3
이디야커피,청전점,충청북도,제천시,충청북도 제천시 의림대로29길 22
이디야커피청주율량중앙점,청주율량중앙점,충청북도,청주시 청원구,충청북도 청주시 청원구 율량로201번길 19-1
이디야커피,제천중앙점,충청북도,제천시,충청북도 제천시 의림대로 112
이디야커피,청주여고점,충청북도,청주시 청원구,충청북도 청주시 청원구 율봉로201번길 16-1
이디야커피,봉명중앙점,충청북도,청주시 흥덕구,충청북도 청주시 흥덕구 1순환로 592
이디야커피,제천시청점,충청북도,제천시,충청북도 제천시 원뜰로 24
이디야커피,청주운천점,충청북도,청주시 흥덕구,충청북도 청주시 흥덕구 사운로 254
이디야커피,청주지웰시티점,충청북도,청주시 흥덕구,충청북도 청주시 흥덕구 대농로 56
이디야커피청주봉명동점,청주봉명동점,충청북도,청주시 흥덕구,충청북도 청주시 흥덕구 덕암로114번길 70
이디야커피,서원대점,충청북도,청주시 서원구,충청북도 청주시 서원구 서원남로 61-2
이디야커피,진천혁신점,충청북도,진천군,충청북도 진천군 덕산면 공원로 4
이디야커피,용산점,충청북도,충주시,충청북도 충주시 남산로 78
이디야커피청주산남동점,청주산남동점,충청북도,청주시 서원구,충청북도 청주시 서원구 산남로 48
이디야커피,청주용암중앙점,충청북도,청주시 상당구,충청북도 청주시 상당구 낙영로24번길 17
이디야커피,,충청북도,보은군,충청북도 보은군 보은읍 삼산로 20
이디야커피,청주금천점,충청북도,청주시 상당구,충청북도 청주시 상당구 중고개로 333
EDIYACOFFEE,충북괴산점,충청북도,괴산군,충청북도 괴산군 괴산읍 읍내로 293
이디야커피,증평초중점,충청북도,증평군,충청북도 증평군 증평읍 초중5길 40
이디야커피,청주테크노폴리스점,충청북도,청주시 흥덕구,충청북도 청주시 흥덕구 송화로 176
이디야커피,청주사천점,충청북도,청주시 청원구,충청북도 청주시 청원구 율봉로 22
이디야커피,청주용암점,충청북도,청주시 상당구,충청북도 청주시 상당구 월평로 180
이디야커피,충북오송점,충청북도,청주시 흥덕구,충청북도 청주시 흥덕구 오송읍 오송생명5로 183-3
이디야커피,청주가경점,충청북도,청주시 흥덕구,충청북도 청주시 흥덕구 강서로 108
이디야커피,오창중부점,충청북도,청주시 청원구,충청북도 청주시 청원구 오창읍 중부로 760
이디야커피,,충청북도,진천군,충청북도 진천군 진천읍 상산로 70
이디야커피,청주성화동점,충청북도,청주시 서원구,충청북도 청주시 서원구 신화로 42
이디야커피,충북음성점,충청북도,음성군,충청북도 음성군 음성읍 수정로 26
이디야커피,오창2산업단지점,충청북도,청주시 청원구,충청북도 청주시 청원구 오창읍 주성1길 18
이디야커피,충북옥천중앙점,충청북도,옥천군,충청북도 옥천군 옥천읍 삼양로 88
이디야커피,청주파크자이점,충청북도,청주시 흥덕구,충청북도 청주시 흥덕구 청향로5번길 36
이디야커피,충주문화점,충청북도,충주시,충청북도 충주시 중원대로 3364
이디야드림플러스,,충청북도,청주시 흥덕구,충청북도 청주시 흥덕구 2순환로 1233
이디야커피,제천하소점,충청북도,제천시,충청북도 제천시 용두대로15길 18-3
이디야커피,가경중앙점,충청북도,청주시 흥덕구,충청북도 청주시 흥덕구 가경로 127
이디야커피,충북대점,충청북도,청주시 서원구,충청북도 청주시 서원구 내수동로 116
이디야커피,,충청북도,증평군,충청북도 증평군 증평읍 충청대로 1756
이디야커피,제천왕암점,충청북도,제천시,충청북도 제천시 소새로7길 10
이디야커피,호암신도시점,충청북도,충주시,충청북도 충주시 호암수청2로 25
이디야커피,청주용정점,충청북도,청주시 상당구,충청북도 청주시 상당구 용정로 44-1
이디야커피,충주한스타워점,충청북도,충주시,충청북도 충주시 국원대로 107
